peptide_sequence,read_count,reads_per_million
GFLPWLGG,6981,30186.542
WSDPWSGG,5781,24997.622
GPGNVAGG,4780,20669.198
TWEVAAGG,4276,18489.851
AWAGVAGG,3740,16172.134
RGSPWAGG,3670,15869.447
IWELALGG,3620,15653.242
RNGPWLGG,3556,15376.499
WLNNAAGG,3373,14585.189
LGHVFMGG,3268,14131.159
VWDMFGGA,2800,12107.48
EGCPMCGG,2733,11817.765
VFAMAQGG,2564,11086.992
LGEAAWGG,2555,11048.075
RPWEGG,2516,10879.435
RFGHVGGG,2512,10862.139
GIALMAGG,2298,9936.782
AGGLWSGG,1984,8579.014
WSWLLGGG,1891,8176.873
GWRGAAGG,1776,7679.601
GFMGLLGG,1768,7645.009
RLDGAMGG,1706,7376.914
DLELAAGG,1615,6983.421
YGNGALGG,1543,6672.086
LAGIWAGG,1515,6551.011
FDFIWAGG,1513,6542.363
PLWPAMGG,1454,6287.241
ADQLLAGG,1451,6274.269
VFDHLLGG,1397,6040.768
FAAIQMGG,1396,6036.444
PWAGVLGG,1349,5833.211
ARQAAMGG,1343,5807.266
QIELLGGG,1343,5807.266
VCHVCAGG,1331,5755.377
WGALIAGG,1211,5236.485
VHAGMEGG,1186,5128.383
SDDALAGG,1175,5080.817
LNAGVAGG,1151,4977.039
PLDLQMGG,1150,4972.715
LGMAAAGG,1148,4964.067
FYGGMDGG,1108,4791.103
VWGAAGGG,1092,4721.917
LSSPFFGG,1083,4683
FWEAMAGG,1077,4657.056
WWGPAAGG,1075,4648.407
VWPPWSGG,998,4315.452
SPAVFEGG,974,4211.673
AEGPAQGG,965,4172.756
LNMGVLGG,959,4146.812
IPVHMLGG,903,3904.662
HIWALMGG,889,3844.125
LAEVAAGG,888,3839.801
WWGAVEGG,852,3684.133
VWCLACGG,848,3666.837
WGDPRGGG,844,3649.54
VFFGYQGG,832,3597.651
PRGAVEGG,829,3584.679
LPAGAMGG,816,3528.466
YGDWTAGG,813,3515.493
GGEPWLGG,808,3493.873
YLAIMGGG,806,3485.225
VLAHMWGG,788,3407.391
GWDVLAGG,770,3329.557
YRGAVQGG,762,3294.964
WKGGAAGG,714,3087.407
VLSNLAGG,709,3065.787
MWVGAQGG,696,3009.574
GSRPEEGG,693,2996.601
WGRVWAGG,684,2957.684
VWGLIAGG,673,2910.119
YSPMLMGG,671,2901.471
VEAGLMGG,670,2897.147
SLDLMAGG,664,2871.202
PPGNADGG,656,2836.61
WFGAMLGG,647,2797.693
VAWWAQGG,640,2767.424
GPRAAMGG,634,2741.479
GHGGVQGG,624,2698.238
VAALAMGG,608,2629.053
WGGGIAGG,596,2577.164
VEGPAQGG,594,2568.515
MNDLLFGG,593,2564.191
RDSAAAGG,593,2564.191
APANAAGG,591,2555.543
PYEIVGGG,590,2551.219
APANLLGG,587,2538.247
AGGGRRGA,580,2507.978
VGWLVQGG,576,2490.682
VFEGNAGG,574,2482.033
TEGPAQGG,568,2456.089
KWSPAQGG,563,2434.468
GSEEAAGG,559,2417.172
EFGGSRGG,544,2352.31
ALGAVGGG,542,2343.662
VWQLGAGG,532,2300.421
EEPVWGGG,525,2270.152
APRPWQGG,519,2244.208
GGGGAAGG,519,2244.208
WSEPGQGG,518,2239.884
EFSWFEGG,513,2218.263
TWAGADGG,512,2213.939
FCGLCEGG,507,2192.319
LGQGAAGG,483,2088.54
LMHGLMGG,479,2071.244
WWDGAWGG,462,1997.734
LHMGLLGG,449,1941.521
SSSPEGGG,448,1937.197
SWAKLGGG,446,1928.549
NSGLRMGG,436,1885.308
RYDFLQGG,436,1885.308
VANGAMGG,432,1868.011
ARANAAGG,430,1859.363
QYDGLSGG,429,1855.039
WHANVAGG,428,1850.715
WAGMAGGG,426,1842.067
EQSNAMGG,423,1829.094
EAWPFNGG,420,1816.122
KYGGLDGG,415,1794.501
AWPGLLGG,413,1785.853
GADIARGG,410,1772.881
AWLHVAGG,407,1759.909
GFGAVGGG,406,1755.585
VFHPYAGG,405,1751.26
WSDIMQGG,401,1733.964
WSDSFMGG,396,1712.344
EQGVVDGG,391,1690.723
AVLIMEGG,387,1673.427
LQGFLMGG,384,1660.454
PYEWTLGG,382,1651.806
YLTPMEGG,377,1630.186
QWEGLMGG,376,1625.862
LDSRLMGG,375,1621.537
WIGLSDGG,372,1608.565
ECFQCFGG,370,1599.917
VSPPAQGG,370,1599.917
VWAGYAGG,370,1599.917
GPGLAEGG,368,1591.269
DVGLAAGG,366,1582.621
DSEAAMGG,365,1578.296
SYDLVGGG,363,1569.648
SEDLAQGG,359,1552.352
LGGAAGGG,355,1535.055
DFEGFLGG,352,1522.083
LYEGMFGG,352,1522.083
KFLGLEGG,349,1509.111
YGEWYAGG,349,1509.111
QSDPMWGG,348,1504.787
VHLVMQGG,348,1504.787
WNENVAGG,344,1487.49
HPRLADGG,343,1483.166
GPDGAQGG,340,1470.194
RGAPFMGG,337,1457.222
RGGQYDGG,333,1439.925
VWDLSEGG,332,1435.601
LLGLAMGG,329,1422.629
DPGMAWGG,327,1413.981
YLALWGGG,326,1409.657
DQGPWGGG,325,1405.332
FAGFAGGR,325,1405.332
LECVACGG,322,1392.36
QAALVAGG,322,1392.36
FLGLVLGG,313,1353.443
VGRGAQGG,312,1349.119
LPAMLYGG,311,1344.795
PSWLAAGG,311,1344.795
AWRVADGG,310,1340.471
WLQIQGGG,310,1340.471
VAGLQQGG,306,1323.175
FSPGFWGG,305,1318.85
LCGGCAGG,305,1318.85
GLGLADGG,302,1305.878
HHRGAAGG,296,1279.934
PSRPHDGG,289,1249.665
YGSEGG,289,1249.665
DLTYGG,287,1241.017
HFGPVMGG,286,1236.693
GVAGAQGG,283,1223.72
VVAHAWGG,282,1219.396
WGDVVRGG,282,1219.396
LAGAVAGG,279,1206.424
VYPNLAGG,278,1202.1
WMENVRGG,274,1184.803
ELSWAAGG,268,1158.859
FSGILGGG,268,1158.859
AMGPEAGG,267,1154.535
LCGGACGG,267,1154.535
WAGPPGGG,267,1154.535
HCMMCAGG,266,1150.211
VTWPEQGG,265,1145.886
WARAAEGG,265,1145.886
WGQVALGG,264,1141.562
PVGAYLGG,262,1132.914
AAAPLEGG,259,1119.942
RVALAAGG,259,1119.942
GPGPWGGG,257,1111.294
YLWHLFGG,256,1106.97
WEGIVSGG,251,1085.349
VFGFAAGG,250,1081.025
EAVAGG,248,1072.377
WSNLRWGG,246,1063.729
RQGNAMGG,244,1055.08
RDGLWSGG,242,1046.432
YEAAWSGG,240,1037.784
LVGAAAGG,237,1024.812
GSEVADGG,236,1020.488
QFGEAGGG,236,1020.488
EAGGVQGG,235,1016.163
GSRPELGG,234,1011.839
AWEGLRGG,231,998.867
GEGAAAGG,231,998.867
LFANVFGG,231,998.867
THHLVMGG,229,990.219
LAAEVMGG,228,985.895
PMCAVCGG,228,985.895
RLLGTDGG,226,977.247
PFSAMQGG,223,964.274
QCDLFGGG,223,964.274
PQPPAMGG,222,959.95
LGHAALGG,221,955.626
VARGSDGG,221,955.626
ILNVWQGG,220,951.302
GRGLADGG,219,946.978
LDGAVAGG,218,942.654
GVGPWVGG,217,938.33
RAVPYAGG,216,934.006
RSQQVAGG,216,934.006
ATDGG,212,916.709
CYPPWAGG,212,916.709
GFSPWLGG,210,908.061
DGREAAGG,209,903.737
ASWPWGGG,208,899.413
GFSPMWGG,207,895.089
MLDGAWGG,204,882.116
SWHGAAGG,204,882.116
WQQGALGG,204,882.116
YGAGVMGG,202,873.468
RSGLWSGG,201,869.144
VWRGFAGG,201,869.144
LFPGGDGG,200,864.82
LRGVADGG,200,864.82
WAAPYLGG,200,864.82
LWLGLDGG,199,860.496
YMQMVMGG,199,860.496
ALERAMGG,198,856.172
GDDIVWGG,198,856.172
GQWIYAGG,198,856.172
LFLPWHGG,197,851.848
CWSPGCGG,196,847.524
LWRARGGR,195,843.199
RPCLWCGG,195,843.199
YMGAVAGG,191,825.903
FGGIVMGG,188,812.931
FLDGLSGG,186,804.283
SWDGADGG,186,804.283
WGCPWCGG,186,804.283
GLAMAAGG,184,795.634
WGCLMCGG,182,786.986
WAGPRGGG,181,782.662
GLDGVAGG,180,778.338
ETGPQQGG,179,774.014
VQLLWMGG,179,774.014
AHLPWGGG,178,769.69
VGVVWSGG,177,765.366
DVWGGG,176,761.042
LDSGVEGG,176,761.042
FDEGVMGG,175,756.717
KVGHFMGG,175,756.717
WTGGIQGG,175,756.717
PPGAAAGG,172,743.745
WWDAQAGG,172,743.745
WWDGLTGG,172,743.745
AWSVAAGG,170,735.097
CFGIECGG,170,735.097
VLGPVAGG,170,735.097
RWSLLDGG,169,730.773
GEREWDGG,168,726.449
QLALMAGG,167,722.125
RDGRVAGG,167,722.125
ESDLAQGG,166,717.801
NEDKFGGG,165,713.476
PYRVVAGG,165,713.476
LESVFAGG,164,709.152
LGSQVMGG,164,709.152
RLLGAQGG,163,704.828
WSNGLDGG,163,704.828
NPALGG,162,700.504
NLQEYAGG,161,696.18
WTAGSAGG,161,696.18
WLFLGMGG,157,678.884
GIHGGG,156,674.56
QLAHLYGG,156,674.56
RSEHVMGG,156,674.56
YGLPLHGG,154,665.911
LVDLTAGG,153,661.587
RGRGSDGG,152,657.263
VGAGLAGG,152,657.263
VRGPEAGG,151,652.939
WRAFAEGG,151,652.939
VCYGAQGG,149,644.291
LDAVVEGG,148,639.967
VWELALGG,148,639.967
PAQGG,147,635.643
VGRISDGG,147,635.643
DRLGRSGG,146,631.319
GSGPAAGG,146,631.319
EYHWLQGG,145,626.994
LMGLAEGG,144,622.67
RLLLLAGG,144,622.67
GDSLYAGG,143,618.346
GDPRAGGG,141,609.698
WAWLVAGG,141,609.698
YGGHVLGG,141,609.698
VGAGAHGG,139,601.05
LVVPWLGG,138,596.726
YGAYAQGG,138,596.726
FVGAVAGG,137,592.402
GSDGG,137,592.402
GLGAVGGG,136,588.078
WSFSGGRR,136,588.078
GYAGAWGG,135,583.753
LLGHVNGG,135,583.753
ESSNLEGG,134,579.429
IVGPWQGG,134,579.429
VPGAVAGG,134,579.429
AWAVGAGG,133,575.105
MRALADGG,133,575.105
AGHLLQGG,132,570.781
APAVRGGR,132,570.781
ILAGTEGG,132,570.781
DWAVGAGG,131,566.457
WCDGVAGG,131,566.457
VVEVMFGG,130,562.133
VSDIWEGG,129,557.809
LISHLHGG,128,553.485
WSDRTGGG,128,553.485
PYQGSQGG,127,549.161
DSGPDDGG,126,544.837
HNGRVFGG,125,540.512
ELPRMMGG,123,531.864
IEHNLSGG,123,531.864
PADMLGGG,123,531.864
YEDPREGG,123,531.864
SGMPWSGG,122,527.54
VLVVYQGG,120,518.892
VWSGFEGG,120,518.892
GPAWGG,119,514.568
GYWGIQGG,119,514.568
RSDMVDGG,119,514.568
TGENTEGG,118,510.244
APAGAWGG,117,505.92
WWPGWDGG,117,505.92
WIEMVHGG,116,501.596
YWGALLGG,116,501.596
EEAFAAGG,115,497.271
LGVAADGG,114,492.947
PRDGAAGG,114,492.947
VHGALQGG,114,492.947
CGAMCDGG,113,488.623
PQRVADGG,113,488.623
GSDLLAGG,112,484.299
WDFVWAGG,112,484.299
AMGGLQGG,111,479.975
GPGVAAGG,111,479.975
IWEAWLGG,111,479.975
RPMNAWGG,111,479.975
VHGLAWGG,111,479.975
AMGVVQGG,110,475.651
DFGFLGGG,110,475.651
FGMQGG,110,475.651
GWLQYMGG,110,475.651
IGEGVEGG,110,475.651
PMEGMLGG,110,475.651
YLNLLHGG,110,475.651
AGQSWEGG,109,471.327
GTDGMAGG,109,471.327
PFYVAMGG,109,471.327
CRYVKCGA,108,467.003
GYGLWSGG,108,467.003
PGGLALGG,108,467.003
AVYLVQGG,107,462.679
EEHGSDGG,107,462.679
EGENLLGG,107,462.679
WLGGVEGG,107,462.679
SGEAARGG,106,458.355
FGEIYLGG,104,449.706
GWGGARGG,104,449.706
PAGPMGGG,104,449.706
ARSLWEGG,103,445.382
MIEAMMGG,103,445.382
NGSGWDGG,103,445.382
FGAGLEGG,102,441.058
GVGLVAGG,102,441.058
LGSGAQGG,102,441.058
QVDVIAGG,102,441.058
APHAAWGG,101,436.734
VWGYADGG,101,436.734
EPWGAWGG,99,428.086
FGALAEGG,98,423.762
GDEHSQGG,98,423.762
GFSGAQGG,98,423.762
HGGTPEGG,98,423.762
RSDVTDGG,98,423.762
AQNAADGG,97,419.438
GDGREQGG,97,419.438
GTDPFGGA,97,419.438
LLEVVFGG,95,410.789
MQGGVQGG,95,410.789
LLGIGAGG,93,402.141
PKEGPMGG,93,402.141
QWSILGGG,93,402.141
IGHVWGGG,92,397.817
PLEVPMGG,92,397.817
VRVAANGG,92,397.817
PFGLIWGG,91,393.493
VGSREMGG,91,393.493
VGWSADGG,91,393.493
WEGGIAGG,91,393.493
ASDHVDGG,90,389.169
FYGWLEGG,90,389.169
MVGGLMGG,90,389.169
SWGMAMGG,90,389.169
EAMVVQGG,89,384.845
LREAPMGG,89,384.845
VFDLLLGG,89,384.845
VMALMEGG,89,384.845
WSIPEQGG,89,384.845
QAMPWMGG,88,380.521
RDDARAGA,88,380.521
VLGQAMGG,88,380.521
VYALAHGG,88,380.521
WARVVQGG,88,380.521
YGAWLEGG,88,380.521
HFAQFQGG,87,376.197
LWPFLYGG,87,376.197
GDAWSQGG,86,371.873
INLPQMGA,86,371.873
KVSNDAGG,86,371.873
LQGLWHGG,86,371.873
RAWWADGG,86,371.873
VGGPGQGG,86,371.873
LWLPWGGG,85,367.548
VAWIMMGG,85,367.548
ACAACEGG,84,363.224
IWTPWDGG,84,363.224
RRDGTDGG,84,363.224
VLGIVAGG,84,363.224
GAELAGGG,83,358.9
PWGLVAGG,83,358.9
RPEQAWGA,83,358.9
EGSRAGGA,82,354.576
WLEVIGGG,82,354.576
DDSRMQGG,80,345.928
GGQIAGG,80,345.928
SGMPWHGG,80,345.928
GGLGAQGG,79,341.604
ILPPWEGG,79,341.604
VAPLFGGG,79,341.604
WTRPFWGG,79,341.604
HAQLAEGG,78,337.28
RPDNRLGG,78,337.28
RSPYWGAR,78,337.28
IDRLAEGG,77,332.956
LPGVLRGG,77,332.956
VERGQFGG,77,332.956
GRSGRLGG,76,328.632
SWSGPAGG,75,324.307
WRYGADGG,75,324.307
AWLGSLGG,74,319.983
GVAAYHGG,74,319.983
IGGAAYGG,74,319.983
QWLWAEGG,73,315.659
RNGIVAGG,73,315.659
VAWLAEGG,73,315.659
GAAVWAGG,72,311.335
GSAHGWGA,72,311.335
IVELSSGG,72,311.335
MLAHIQGG,72,311.335
VLSLLGGG,72,311.335
YRWAQAGG,72,311.335
ARAHAQGG,71,307.011
GAPGLMGG,71,307.011
HAGAAGGG,71,307.011
IGGGVAGG,71,307.011
ETDKVGGG,70,302.687
GMGPAEGG,70,302.687
LSPGADGG,70,302.687
YGFGGHGG,70,302.687
AMEAALGG,69,298.363
CWFHLCGG,69,298.363
ILEVALGG,69,298.363
LSGGVQGG,69,298.363
VLLLMWGG,69,298.363
WGEVSYGG,69,298.363
ELDGISGG,68,294.039
FLWVADGG,68,294.039
GRGAAQGG,68,294.039
LFLGVHGG,68,294.039
PRGHYDGG,68,294.039
EGDVVAGG,67,289.715
SNGLARGG,67,289.715
GGWVAAGG,66,285.391
VFDVSYGG,66,285.391
VPHHAWGG,66,285.391
GAWDGG,65,281.066
GGGGAEGG,65,281.066
MYGLAEGG,65,281.066
RGNPRMGG,65,281.066
RSALLAGG,65,281.066
VLLLAMGG,65,281.066
GGAPEAGG,64,276.742
GSAGMAGG,64,276.742
HNWGSDGG,64,276.742
VTAGG,64,276.742
CVGPLCGG,63,272.418
HCAVCGGG,63,272.418
HGAVWLGG,63,272.418
PGVHVMGG,63,272.418
SYDLAHGG,63,272.418
RWEGAAGG,62,268.094
VNGALSGG,62,268.094
AGMHWDGG,61,263.77
EWAPAGGG,61,263.77
RADSWAGG,61,263.77
VGGLVEGG,61,263.77
VLEQLWGG,61,263.77
WLGSVQGG,61,263.77
ASGPEAGG,60,259.446
GRAVWEGG,60,259.446
GSLALMGG,60,259.446
PRWIPEGG,60,259.446
VVDGLEGG,60,259.446
YSGVMQGG,60,259.446
AGGVGGGG,59,255.122
GPMGWAGG,59,255.122
RGGQEQGG,59,255.122
VANVLAGG,59,255.122
VVGPWSGG,59,255.122
CAGPDCGG,58,250.798
HEVGWLGG,58,250.798
PIPLVQGG,58,250.798
RWDGEFGG,58,250.798
WRNGLEGG,58,250.798
YGRLALGG,58,250.798
AKAQAAGG,57,246.474
ENWWACAR,57,246.474
FGWPYAGG,57,246.474
SNVIYRGG,57,246.474
VEADPWGG,57,246.474
WLRGVDGA,57,246.474
AGAVYGGG,56,242.15
AWAAQAGG,56,242.15
FAELFKGG,56,242.15
GGPAAGGG,56,242.15
GHGMIHGG,55,237.825
SWPFAGGR,55,237.825
WAGGAHGG,55,237.825
WARGSGGG,55,237.825
FGWNLYGG,54,233.501
FLEVSLGG,54,233.501
FLWGVMGG,54,233.501
GWPPEAGG,54,233.501
IRGMANGG,54,233.501
LLWVVAGG,54,233.501
PWVGSLGG,54,233.501
EDGGTEGG,53,229.177
GPSGLYGG,53,229.177
VVLGLDGG,53,229.177
LCALRLGG,52,224.853
QRKVMGGG,51,220.529
VAEGAEGG,51,220.529
YVGHVLGG,51,220.529
AVNLMEGG,50,216.205
FGAGADGG,50,216.205
LWHLALGG,50,216.205
WGALFMGG,50,216.205
WVDVYGGG,50,216.205
YQEHALGG,50,216.205
VDRLVGGG,49,211.881
VGFAFDGG,49,211.881
VPLRFQGG,49,211.881
VYPIVLGG,49,211.881
CFGAVQGG,48,207.557
DLSPWRGG,48,207.557
EAEGTAGG,48,207.557
MGLQYQGG,48,207.557
RWDPRLGG,48,207.557
VCGACLGG,48,207.557
VEEVVMGG,48,207.557
VGGGAAGG,48,207.557
VYGGVHGG,48,207.557
DRLAGG,47,203.233
FGEAGMGG,47,203.233
GFEVGRGG,47,203.233
VWGGSLGG,47,203.233
AGENSQGG,46,198.909
AWAGASGG,46,198.909
GDGAASGG,46,198.909
IWGGIVGG,46,198.909
QRGLPAGG,46,198.909
RMLGDRGG,46,198.909
VAHNLFGG,46,198.909
VGEPWRGG,46,198.909
VLGIVGGG,46,198.909
AAEAAGGG,45,194.584
KMWEGG,45,194.584
LEQPWSGG,45,194.584
QWQGTWGG,45,194.584
SFDQTSGG,45,194.584
YGCLAWGA,45,194.584
AMGLRAGG,44,190.26
AWEAARGG,44,190.26
EEALHQGG,44,190.26
EPRWAQGG,44,190.26
EYDGFQGG,44,190.26
GWPNLAGG,44,190.26
LEDSAAGG,44,190.26
RAAVAEGG,44,190.26
SARLGLGG,44,190.26
SFDGANGG,44,190.26
VPSPLHGG,44,190.26
WQDAASGG,44,190.26
CVDPWRGG,43,185.936
CVNGFAGG,43,185.936
GIWGGGRR,43,185.936
LFRALMGG,43,185.936
PQMIVRGG,43,185.936
DNTKSDGG,42,181.612
GVGPELGG,42,181.612
HGGLRQGG,42,181.612
HLQPKGG,42,181.612
PWVLMAGG,42,181.612
GSYAWAGG,41,177.288
PALNAWGG,41,177.288
RGWIVMGG,41,177.288
AGAGWSGG,40,172.964
ARDVLAGG,40,172.964
CKGPGCGA,40,172.964
LSYWFAGG,40,172.964
DSAGAEGG,39,168.64
FIPWVLGG,39,168.64
VLDLAGGG,39,168.64
DGANFAGG,38,164.316
GVWIVQGG,38,164.316
MFEWIEGG,38,164.316
RHGGMLGG,38,164.316
WAAGPQGG,38,164.316
YCAQCAGA,38,164.316
AGGLAAGG,37,159.992
GHAGIDGG,37,159.992
LWGLIGGG,37,159.992
PVEGLWGG,37,159.992
ALGLHQGG,36,155.668
GFRGANGG,36,155.668
SRSVSGGG,36,155.668
HRGLFEGG,35,151.343
LLWVALGG,35,151.343
RDGPVGGG,35,151.343
RWLHVQGG,35,151.343
VGSQAQGG,35,151.343
WSGLHDGG,35,151.343
DDSIPVGG,34,147.019
GADGG,34,147.019
GEDNMAGG,34,147.019
GQGIAAGG,34,147.019
MMEMWAGG,34,147.019
PLGLRRGG,34,147.019
VERALQGG,34,147.019
YSFGAVGA,34,147.019
AEGLFGAR,33,142.695
AWQQVAGG,33,142.695
FPYGLLGG,33,142.695
LEGVAIGG,33,142.695
LGSPPDGG,33,142.695
SEDLVRGG,33,142.695
DSGLRGGG,32,138.371
GVWAPQGG,32,138.371
HHLPWNGA,32,138.371
RFPGAGGG,32,138.371
VSELLLGG,32,138.371
VTMLFGGG,32,138.371
DVRGAQGG,31,134.047
GTQEAMGG,31,134.047
LFMWLEGG,31,134.047
LMAWIEGG,31,134.047
QVDVSEGG,31,134.047
WEAGTQGG,31,134.047
AHAWLAGG,30,129.723
AVQLEGGG,30,129.723
AYMHLHGA,30,129.723
GQGMVMGG,30,129.723
LEDVAHGG,30,129.723
RGANQAGG,30,129.723
RQKRQEPE,30,129.723
SPNALQGG,30,129.723
WAQRVLGG,30,129.723
WRLRHHGG,30,129.723
AQEAASGG,29,125.399
FLAVGMGG,29,125.399
PACYYRGG,29,125.399
PGDIQRGG,29,125.399
RFGPLAGA,29,125.399
VSRGDAGG,29,125.399
WGWPFLGG,29,125.399
WVLALAGG,29,125.399
AFGLASGG,28,121.075
ASPWAEGG,28,121.075
AVWALRGG,28,121.075
EMSPLQGG,28,121.075
FFCEPLGG,28,121.075
FYGGMEGG,28,121.075
GMLGAMGG,28,121.075
LRPPVMGG,28,121.075
LSSPFLGG,28,121.075
,27,116.751
EGEMLPGG,27,116.751
GCVAEQGG,27,116.751
GEWEWEGG,27,116.751
LIAQGQGG,27,116.751
LWDGILGG,27,116.751
SVPIVLGG,27,116.751
VNLGTHGG,27,116.751
VNSAQQGG,27,116.751
ADGLLMGG,26,112.427
GALNAMGG,26,112.427
GHWAYAGG,26,112.427
GTYVWSGG,26,112.427
LLSMVMGG,26,112.427
LMPELEGG,26,112.427
QGFGAAGG,26,112.427
QPMTEPKR,26,112.427
RFAGLGGA,26,112.427
RGSQGG,26,112.427
SEGWWGGR,26,112.427
WAIVVAGG,26,112.427
WEGPLMGS,26,112.427
WEMPWRGG,26,112.427
WGTHAMGG,26,112.427
AWEQALGG,25,108.102
CGPRCRGG,25,108.102
GEWADDGG,25,108.102
GMWGWGGG,25,108.102
HQNHKHGG,25,108.102
SPGGLSGG,25,108.102
TEGMFAGG,25,108.102
VEQWLAGG,25,108.102
VGSLMGGG,25,108.102
VMWAYQGG,25,108.102
VNALLRGG,25,108.102
VVGSAEGG,25,108.102
YSNLAGGG,25,108.102
GERGWHGG,24,103.778
GERLRWGG,24,103.778
GMGPENGG,24,103.778
GYGGVSGG,24,103.778
PGSPASGG,24,103.778
RWAGAYGG,24,103.778
VEAGLRGG,24,103.778
VGRHVVGG,24,103.778
VLYAIRGG,24,103.778
WELMGGSG,24,103.778
AAEAGG,23,99.454
ASRNVRGG,23,99.454
FNGFLGGR,23,99.454
IVDVSFGG,23,99.454
LLGNLYGG,23,99.454
REELAWGG,23,99.454
GSPGAAGG,22,95.13
LWQGSLGG,22,95.13
RGLQYGGG,22,95.13
VWEVTEGG,22,95.13
ERCGVWGG,21,90.806
GCRQCHGG,21,90.806
GREIMYGG,21,90.806
GTLGALGG,21,90.806
HSGGFAGG,21,90.806
LAGGVLGG,21,90.806
LGYIAQGG,21,90.806
LQANVQGG,21,90.806
LQWIVAGG,21,90.806
QEALVLGG,21,90.806
RSGPGAGG,21,90.806
TSGAVAGG,21,90.806
VASPWDGG,21,90.806
WSCGMCGG,21,90.806
WSNGCNGG,21,90.806
AENIHGGG,20,86.482
DGEAVRGG,20,86.482
GSSASDGG,20,86.482
KGTEGG,20,86.482
KSYPYLGG,20,86.482
PRGVAAGG,20,86.482
TYYRWDGG,20,86.482
VLGVWNGG,20,86.482
VSHEWRGG,20,86.482
WWEVKLGG,20,86.482
YYGHVWGG,20,86.482
CELAVCGG,19,82.158
EEGATHGG,19,82.158
F,19,82.158
FCGVFCGG,19,82.158
FWRGVQGG,19,82.158
FYGGLDGG,19,82.158
PYEVVTGG,19,82.158
SFLLWAGG,19,82.158
TDGGAMGG,19,82.158
VMARVQGG,19,82.158
VQHLAYGG,19,82.158
WDWGAEGG,19,82.158
ERGIESGG,18,77.834
ETQMAEGG,18,77.834
GPQWAEGG,18,77.834
GRDGSSGG,18,77.834
HAHWAHGG,18,77.834
LAGAGG,18,77.834
MKGAFSGG,18,77.834
PLEAMMGG,18,77.834
PLPGEQGG,18,77.834
VIFMLHGG,18,77.834
VSGHIAGG,18,77.834
WMEAPMGG,18,77.834
WYGGAWGG,18,77.834
CHGGSCGG,17,73.51
DSAGQEGG,17,73.51
IPNYGMGG,17,73.51
LSAGWQGG,17,73.51
NEGVVGGG,17,73.51
PPAGG,17,73.51
PVQAEGGG,17,73.51
RMHVMAGG,17,73.51
RWKASHGG,17,73.51
SRQLQRGG,17,73.51
VGAGIWGG,17,73.51
VHSLGAGG,17,73.51
VQVGAWGG,17,73.51
VWWGMLGG,17,73.51
VWWLVLGG,17,73.51
WNDVSMGG,17,73.51
YYGVEAGG,17,73.51
AAGGRAGG,16,69.186
AHQAGRGA,16,69.186
CKGRQAGG,16,69.186
FQAGSDGG,16,69.186
GHVPEMGG,16,69.186
GLGGLSGG,16,69.186
LQGAVQGG,16,69.186
LVSIEQGG,16,69.186
NSVAHEGA,16,69.186
PAGGAGGG,16,69.186
QFELISGG,16,69.186
WGYAAWGG,16,69.186
WWAAANGG,16,69.186
AGGLELGG,15,64.861
APGLRGGG,15,64.861
FGAMLMGG,15,64.861
GRRGRSGG,15,64.861
GSPGVEGG,15,64.861
LAHVLAGG,15,64.861
LLPMLLGG,15,64.861
PGCIIGGG,15,64.861
QLDMLLGG,15,64.861
RIGGRHGG,15,64.861
VFWRIEGG,15,64.861
VLPIPLGG,15,64.861
WGDQASGG,15,64.861
YGIGALGG,15,64.861
YGTGALGG,15,64.861
CMQACLGG,14,60.537
DLQRVYGG,14,60.537
DRGLLAGG,14,60.537
EMELQSGG,14,60.537
GEGLLQGG,14,60.537
GPGTVAGG,14,60.537
GQPPTHGG,14,60.537
GVAPFEGG,14,60.537
IAGPAAGG,14,60.537
LGRAAAGG,14,60.537
LMLGVQGG,14,60.537
MGAWLLGA,14,60.537
WEGPHGGG,14,60.537
AGSAYGGG,13,56.213
DSSLRDGG,13,56.213
DWAVAGGG,13,56.213
EFLNWAGG,13,56.213
EGFGRAGG,13,56.213
FLVQAWGG,13,56.213
ISDPRLGG,13,56.213
NSWGHDGG,13,56.213
PAAHVFGG,13,56.213
PLWPALGG,13,56.213
RSGPGDGG,13,56.213
RVDHFEGG,13,56.213
RWARVMGG,13,56.213
SWGQLRGG,13,56.213
VGEREDGG,13,56.213
WLDGRRGA,13,56.213
ALTGREGG,12,51.889
APGMPAGG,12,51.889
FFEVMFGG,12,51.889
FTSQVAGG,12,51.889
GCEQLLGG,12,51.889
GFLPWLGW,12,51.889
MSRAFEGG,12,51.889
PPEQLAGG,12,51.889
PWYALAGG,12,51.889
SAWALLGG,12,51.889
SGRAWHGG,12,51.889
WFPAVRGG,12,51.889
WPEVASGG,12,51.889
AFPWLNGG,11,47.565
APDGSMGG,11,47.565
ATRPEDGG,11,47.565
EGWVWIGG,11,47.565
FLAMLRGG,11,47.565
IADGVHGG,11,47.565
ISGVHKGG,11,47.565
LHAGG,11,47.565
NERELEGG,11,47.565
RFCIVCGG,11,47.565
RFGGLLGG,11,47.565
RTGHLMGG,11,47.565
SWLGAWGG,11,47.565
TSRPWMGG,11,47.565
VGQDGVGG,11,47.565
VRELPRGG,11,47.565
VVNGALGG,11,47.565
WNHGSSGG,11,47.565
AGAPWSGG,10,43.241
ARVVWRGG,10,43.241
DSLWDMGG,10,43.241
FLDSIWGG,10,43.241
GSDMARGG,10,43.241
GWREAAGG,10,43.241
LSGSWQGG,10,43.241
LVVQGAGA,10,43.241
PAQALKGG,10,43.241
PAWGWRGG,10,43.241
PSWPFMGG,10,43.241
RAAPLDGG,10,43.241
REAMYWGG,10,43.241
TDGKASGG,10,43.241
VCAGAHGG,10,43.241
VCHVVAGG,10,43.241
WGYFLAGA,10,43.241
AGAGSMGG,9,38.917
DEHPNCGG,9,38.917
DRERYAGG,9,38.917
FFSGAAGG,9,38.917
FSGGMDGG,9,38.917
GMFAGGRK,9,38.917
IFLVYMGG,9,38.917
ILGLAEGG,9,38.917
LGYEAAGG,9,38.917
MWSVRNGG,9,38.917
PWWGGRRL,9,38.917
QFGGVYGG,9,38.917
RESVWGGA,9,38.917
RIGPWLGG,9,38.917
RPWVGG,9,38.917
SLWGFWGG,9,38.917
VHAGLEGG,9,38.917
VWGPPQGG,9,38.917
WAQQAGGG,9,38.917
WLNNAAGV,9,38.917
WRGVAQGG,9,38.917
WVQGSEGG,9,38.917
YAEVSAGG,9,38.917
AGEGTEGG,8,34.593
ECEQCKGG,8,34.593
EPLQAQGG,8,34.593
FLGMWGGR,8,34.593
GFLPWLVG,8,34.593
GFLPWLWG,8,34.593
GFLTWLGG,8,34.593
GGDLRLGG,8,34.593
GLVVAWGG,8,34.593
GPVLAAGG,8,34.593
GRSGRWGG,8,34.593
GWAGVAGG,8,34.593
GWPPVGGG,8,34.593
HIWALRGG,8,34.593
IWELALWG,8,34.593
KTGGSGGG,8,34.593
MQWNHLGG,8,34.593
PWFALDGG,8,34.593
QSDPRWGG,8,34.593
RFGHVGGV,8,34.593
RGLPWHGG,8,34.593
RGSADGGG,8,34.593
RLGRQEGG,8,34.593
TWEVAAVG,8,34.593
VEIVRGGR,8,34.593
VQEGLKGG,8,34.593
VRWRVEGG,8,34.593
VVMLVKGG,8,34.593
WSDRWSGG,8,34.593
WTSPGQGG,8,34.593
ADAVVGGG,7,30.269
AHAIALGG,7,30.269
ARCLWCGG,7,30.269
ASAGAAGG,7,30.269
AWAGVGGG,7,30.269
DAGRYHGG,7,30.269
EIPWGMGG,7,30.269
ERALAAGG,7,30.269
FDFIWAGV,7,30.269
FWELALGG,7,30.269
GAMMVAGG,7,30.269
GPGKVAGG,7,30.269
GPGNVAWG,7,30.269
HWLNRMGG,7,30.269
LGAAAWGG,7,30.269
LGHVFMGV,7,30.269
LLGMADGG,7,30.269
LMNFYGGR,7,30.269
LNGPWLGG,7,30.269
LRLQVYGG,7,30.269
MVGVAGGG,7,30.269
NALGTEGG,7,30.269
PAGLLAGG,7,30.269
RGSPWAGV,7,30.269
VDDVAGGG,7,30.269
WGGVASGG,7,30.269
WSDPLSGG,7,30.269
CGGVCGGG,6,25.945
CSDPWSGG,6,25.945
CWDGVLGG,6,25.945
DLEWLGGA,6,25.945
EGQQAWGG,6,25.945
ELSVYRGG,6,25.945
GFLPGLGG,6,25.945
GFMPWLGG,6,25.945
GPRAAAGG,6,25.945
GSLYDNGG,6,25.945
GTGNVAGG,6,25.945
GWGPAAGG,6,25.945
IVEIAWGG,6,25.945
LFPLGRGG,6,25.945
LGEAACGG,6,25.945
LGHVFIGG,6,25.945
LGHVFMCG,6,25.945
LNAGVAGV,6,25.945
LWVPSYGG,6,25.945
NGRGAQGG,6,25.945
PCRVVDGG,6,25.945
PDLGIQGG,6,25.945
PRVGAAGG,6,25.945
RPGEGG,6,25.945
RPWECG,6,25.945
SDENSRGG,6,25.945
TWEVAAGW,6,25.945
VFAMAQGW,6,25.945
VFEGTAGG,6,25.945
VFLPWLGG,6,25.945
VWDLFGGA,6,25.945
VWDMFGGG,6,25.945
WFLPWLGG,6,25.945
WGGGIAGV,6,25.945
WGQVYAGG,6,25.945
WLDGAMGG,6,25.945
WNETVAGG,6,25.945
WSDPWSGV,6,25.945
WSDTWSGG,6,25.945
WSNPWSGG,6,25.945
WTEAADGG,6,25.945
AEGPALGG,5,21.62
ALRGADGG,5,21.62
DGRGFIGG,5,21.62
FVSLYGGG,5,21.62
FYGGRDGG,5,21.62
GFLHWLGG,5,21.62
GFLRWLGG,5,21.62
GGDPRGGG,5,21.62
GLSILEGG,5,21.62
GPGIVAGG,5,21.62
GPRAALGG,5,21.62
GQGNVAGG,5,21.62
GRGLAEGG,5,21.62
GSDPWSGG,5,21.62
GWGAVEGG,5,21.62
IDWLAAGG,5,21.62
IEPHLAGG,5,21.62
LAAEVRGG,5,21.62
LAGFWAGG,5,21.62
LAGGPRGG,5,21.62
LGEAALGG,5,21.62
LWHVFMGG,5,21.62
MHGVCCGG,5,21.62
NGGTNAGG,5,21.62
PAPGG,5,21.62
PAQGGSGE,5,21.62
PDLAVCGG,5,21.62
PVWPAMGG,5,21.62
PWAGG,5,21.62
RLDGAIGG,5,21.62
RNGPWLGW,5,21.62
RPLEGG,5,21.62
RQGTAMGG,5,21.62
RRSVTQGG,5,21.62
RTGPWLGG,5,21.62
TW,5,21.62
VFAMAHGG,5,21.62
VFEWNAGG,5,21.62
VGMAAAGG,5,21.62
VGRAALGG,5,21.62
VWDMLGGA,5,21.62
VWGPLFGG,5,21.62
VWYMFGGA,5,21.62
WAGLAGGG,5,21.62
WDEGVRGG,5,21.62
WGPVALGG,5,21.62
WGQGALGG,5,21.62
WSGLEGGG,5,21.62
YGNGARGG,5,21.62
YLAILGGG,5,21.62
ACEASVGG,4,17.296
AEGPAQWG,4,17.296
AGRMWHGG,4,17.296
AGVLWSGG,4,17.296
ALEEGRGG,4,17.296
ALEGARGG,4,17.296
APANLLGV,4,17.296
APRPWQGW,4,17.296
APRPWQVG,4,17.296
ARQAAMGW,4,17.296
AWAGVEGG,4,17.296
AWDGVAGG,4,17.296
AWDLFGGA,4,17.296
AWGGVAGG,4,17.296
CLNNAAGG,4,17.296
DDPRIQGG,4,17.296
DLELEAGG,4,17.296
DYVWAMGG,4,17.296
EAGGVPGG,4,17.296
EGCRMCGG,4,17.296
ELGLARGG,4,17.296
EWCPMCGG,4,17.296
FAAFQMGG,4,17.296
FAAIQIGG,4,17.296
FADIQMGG,4,17.296
FFAMAQGG,4,17.296
FLRVAAGG,4,17.296
GADFARGG,4,17.296
GCCVAKGG,4,17.296
GCRLGLGG,4,17.296
GFLPCLGG,4,17.296
GFLPLLGG,4,17.296
GNRGSVGG,4,17.296
GNVDVHGG,4,17.296
GPGNVAVG,4,17.296
GPVNVAGG,4,17.296
GRMGVMGG,4,17.296
GTGPRAGG,4,17.296
GTYAYQGG,4,17.296
GWDVLAGV,4,17.296
GWRVAAGG,4,17.296
HHLGAAGG,4,17.296
HVAHIAGG,4,17.296
IGFGWWGG,4,17.296
ISGRVAGG,4,17.296
IWELALVG,4,17.296
LAGIWAGV,4,17.296
LCEAAWGG,4,17.296
LGEAAWGV,4,17.296
LGEADWGG,4,17.296
LGHVFLGG,4,17.296
LGQGAAWG,4,17.296
LGQVFMGG,4,17.296
LGVAAWGG,4,17.296
LSGNLLGG,4,17.296
LVDSDGG,4,17.296
LYAGMFGG,4,17.296
LYGGMDGG,4,17.296
MWELALGG,4,17.296
PADMWGGG,4,17.296
PLYLQMGG,4,17.296
PPGNADGV,4,17.296
PRGAVDGG,4,17.296
QGAAAAGG,4,17.296
QIELLGGV,4,17.296
REALMNGA,4,17.296
REGAARGG,4,17.296
RGSPCAGG,4,17.296
RGSRWAGG,4,17.296
RLDGAMVG,4,17.296
RLDVAMGG,4,17.296
RLREAEGG,4,17.296
RNGPWLGV,4,17.296
RPMTAWGG,4,17.296
RQGNARGG,4,17.296
RRWEGG,4,17.296
RSPIIQGG,4,17.296
RVSPWAGG,4,17.296
RWVGAQGG,4,17.296
SRGGAAGG,4,17.296
TCEVAAGG,4,17.296
TWEGAAGG,4,17.296
TWELAAGG,4,17.296
TWEVAAGV,4,17.296
TWEVAGGG,4,17.296
VAALAMGV,4,17.296
VATGAMGG,4,17.296
VCVLCWGG,4,17.296
VEAGLLGG,4,17.296
VFAMAQVG,4,17.296
VFAMAQWG,4,17.296
VFARAQGG,4,17.296
VFFVYQGG,4,17.296
VFHPYSGG,4,17.296
VGMGAQGG,4,17.296
VLLKFEGG,4,17.296
VPGNVAGG,4,17.296
VRGAAQGG,4,17.296
VSDVVLGG,4,17.296
VSEGVWGG,4,17.296
VYGGTYGA,4,17.296
WAGRAGGG,4,17.296
WCRVWAGG,4,17.296
WGALIAGV,4,17.296
WGGAVEGG,4,17.296
WGGGFAGG,4,17.296
WSDHWSGG,4,17.296
WSDPWSVG,4,17.296
WSGLLGGG,4,17.296
WSYPWSGG,4,17.296
WWEGAWGG,4,17.296
A,3,12.972
AAGPAQGG,3,12.972
ADAVVGG,3,12.972
AEGPAQVG,3,12.972
AGAAMRGG,3,12.972
AGCLWSGG,3,12.972
AGCPMCGG,3,12.972
AHLPWWGG,3,12.972
APAVRGWR,3,12.972
ARGVVQGG,3,12.972
ARQAALGG,3,12.972
AWAGVAWG,3,12.972
AWAVVAGG,3,12.972
AWPGLRGG,3,12.972
AWSPAQVG,3,12.972
CQLVFQGG,3,12.972
DGG,3,12.972
DPGMAWCG,3,12.972
DPGRAWGG,3,12.972
DSGLRGWG,3,12.972
EEGGTEGG,3,12.972
EEPVWGWG,3,12.972
EFGGSRGE,3,12.972
EGCPMCGV,3,12.972
EGFPMCGG,3,12.972
EGG,3,12.972
ELGGSRGG,3,12.972
ELRLLQGG,3,12.972
EPGGAWGG,3,12.972
EWAGVAGG,3,12.972
FAAIQMGV,3,12.972
FFDHLLGG,3,12.972
FGGGVAGG,3,12.972
FSGGMEGG,3,12.972
FSPGFCGG,3,12.972
FWEARAGG,3,12.972
FYGGLEGG,3,12.972
FYGGMAGG,3,12.972
FYGGMHGG,3,12.972
GADIARGW,3,12.972
GEAGLMGG,3,12.972
GEGHRMGG,3,12.972
GFGHVGGG,3,12.972
GFLPWLGV,3,12.972
GFLPWMGG,3,12.972
GFMGLLGV,3,12.972
GFWGG,3,12.972
GGDPWLGG,3,12.972
GGEEAWGG,3,12.972
GGEPWLGV,3,12.972
GGGGIAGG,3,12.972
GGGIRGGG,3,12.972
GGGLWSGG,3,12.972
GGSPWAGG,3,12.972
GIALIAGG,3,12.972
GIALMGGG,3,12.972
GLALMAGG,3,12.972
GLGLAEGG,3,12.972
GLWNVEGG,3,12.972
GPDGDQGG,3,12.972
GPGNVAGV,3,12.972
GQAIGRGG,3,12.972
GSEMSQGG,3,12.972
GVELMRGG,3,12.972
GVGLVGGG,3,12.972
GVLLVHGA,3,12.972
GWDLWEGG,3,12.972
GWRGAAWG,3,12.972
GWSGAAGG,3,12.972
HPRLAYGG,3,12.972
IPVHMLGV,3,12.972
IWELALGV,3,12.972
IWELARGG,3,12.972
IWEVAAGG,3,12.972
KGSGWDGG,3,12.972
LAGG,3,12.972
LAGLWAGG,3,12.972
LAVIWAGG,3,12.972
LDSVVAGG,3,12.972
LEWLWGGG,3,12.972
LFANFFGG,3,12.972
LGAQVRGG,3,12.972
LGEVAWGG,3,12.972
LGGAQGG,3,12.972
LGKGAAGG,3,12.972
LGLVFMGG,3,12.972
LGMEAAGG,3,12.972
LGNVFMGG,3,12.972
LGPVFMGG,3,12.972
LGPWGGG,3,12.972
LMHGLRGG,3,12.972
LNSVRQGG,3,12.972
LPWEGG,3,12.972
LQGFLRGG,3,12.972
LQGGG,3,12.972
LSGIWAGG,3,12.972
LWGGAGGG,3,12.972
LWVGAQGG,3,12.972
NGSGWEGG,3,12.972
PGSPPDGG,3,12.972
PLWPAIGG,3,12.972
PLWPAMGA,3,12.972
PPGAWSGG,3,12.972
PREGAAGG,3,12.972
PWSGVLGG,3,12.972
QREVSEGG,3,12.972
QSDPMGGG,3,12.972
QWEGLLGG,3,12.972
RDGWVAGG,3,12.972
REDLAAGG,3,12.972
RFGHLGGG,3,12.972
RFGHVAGG,3,12.972
RFGNVGGG,3,12.972
RFGQVGGG,3,12.972
RGGQYDGV,3,12.972
RGSPGAGG,3,12.972
RGSPWAGW,3,12.972
RGSPWVGG,3,12.972
RKGPWLGG,3,12.972
RLALAGGG,3,12.972
RLEGAMGG,3,12.972
RMDGAMGG,3,12.972
RNGPCLGG,3,12.972
RNGPLLGG,3,12.972
RNGPWRGG,3,12.972
RNVPWLGG,3,12.972
RPGNVAGG,3,12.972
RPWEGW,3,12.972
RWFHMAGG,3,12.972
SDDSLAGG,3,12.972
SPAVFEVG,3,12.972
SPSGPMGG,3,12.972
SWEVAAGG,3,12.972
TCEPLMGG,3,12.972
TEGPAQGW,3,12.972
TGEVAAGG,3,12.972
TLDLQMGG,3,12.972
TVGHFMGG,3,12.972
TWAGAEGG,3,12.972
TWDVAAGG,3,12.972
TWEVDAGG,3,12.972
TWSPAQGG,3,12.972
VAALARGG,3,12.972
VARAVFGG,3,12.972
VAWWAEGG,3,12.972
VCHVCSGG,3,12.972
VESGQFGG,3,12.972
VFAIAQGG,3,12.972
VFAMAPGG,3,12.972
VFDHLLGV,3,12.972
VFEGNAGW,3,12.972
VFEVNAGG,3,12.972
VFGACLGG,3,12.972
VGRGAHGG,3,12.972
VLAHMWGA,3,12.972
VNFLLAGG,3,12.972
VQSVFQGG,3,12.972
VRDGVAGG,3,12.972
VSGGEMGG,3,12.972
VSPPAQVG,3,12.972
VSRPEEGG,3,12.972
VVACCLGG,3,12.972
VVAHAWVG,3,12.972
VWCLACGV,3,12.972
VWDMFGG,3,12.972
VWDMFGGD,3,12.972
VWGAAVGG,3,12.972
VWQLGAGW,3,12.972
VWVAAGGG,3,12.972
WAGMDGGG,3,12.972
WEVAAGG,3,12.972
WFGAMLGV,3,12.972
WGALFAGG,3,12.972
WGDPRGVG,3,12.972
WGQVARGG,3,12.972
WGRVWAWG,3,12.972
WGSLIAGG,3,12.972
WHAIVAGG,3,12.972
WHATVAGG,3,12.972
WLNNASGG,3,12.972
WLRVAAGG,3,12.972
WMNNAAGG,3,12.972
WPGNVAGG,3,12.972
WRWVAQGG,3,12.972
WSARVAGG,3,12.972
WSDPWSEG,3,12.972
WSDPWSGC,3,12.972
WSDPWSRG,3,12.972
WSDPWSWG,3,12.972
WSWLLGGW,3,12.972
WSWLVGGG,3,12.972
WSWMLGGG,3,12.972
WTGGAAGG,3,12.972
WWGEVEGG,3,12.972
WWGSAAGG,3,12.972
YGAGLEGG,3,12.972
YGDWTAGV,3,12.972
YGNSALGG,3,12.972
YSHMLMGG,3,12.972
ACRPEWGG,2,8.648
AEADPWGG,2,8.648
AESLCEGG,2,8.648
AFSGVCGG,2,8.648
AGG,2,8.648
AGGGRRVA,2,8.648
AGGLCSGG,2,8.648
AGGLWSGC,2,8.648
AGGLWSGS,2,8.648
AHDAAWGA,2,8.648
AHLPWVGG,2,8.648
AHPLLRGG,2,8.648
ALAGVAGG,2,8.648
ALGGLDVG,2,8.648
ALGRLDGG,2,8.648
AMGPEAGW,2,8.648
APWFAFGG,2,8.648
APWGAWGG,2,8.648
ARANAAVG,2,8.648
ARATAAGG,2,8.648
ARGVVPGG,2,8.648
ARQAAMCG,2,8.648
ARQSAMGG,2,8.648
ASPWAEGW,2,8.648
AWAAMGG,2,8.648
AWAGGAGG,2,8.648
AWAGLAGG,2,8.648
AWAGVAGW,2,8.648
AWAGVAVG,2,8.648
AWAPAGGG,2,8.648
AWEGLRVG,2,8.648
AWGGRRGA,2,8.648
AWLPLHGG,2,8.648
AWVGLRGG,2,8.648
CGALIAGG,2,8.648
CMENVRGG,2,8.648
CSDVFGGG,2,8.648
CSWLLGGG,2,8.648
CWAMCDGG,2,8.648
DALAGAR,2,8.648
DFEGFFGG,2,8.648
DFEGFLVG,2,8.648
DFGGSRGG,2,8.648
DLELAAVG,2,8.648
DLELAGGG,2,8.648
DLELSAGG,2,8.648
DLGLAAGG,2,8.648
DLGPWGGG,2,8.648
DPVMAWGG,2,8.648
DQGPWGGV,2,8.648
DQGPWSGG,2,8.648
DRLEGG,2,8.648
DSEAALGG,2,8.648
DSEADMGG,2,8.648
DSESAMGG,2,8.648
DSGLRAGG,2,8.648
DSGLRVGG,2,8.648
DSRVGPCG,2,8.648
DSWPDDGG,2,8.648
DVGLAAGC,2,8.648
DVREAAGG,2,8.648
DWLPAHGG,2,8.648
EAGGVHGG,2,8.648
EARVVQGG,2,8.648
EAWPFNGV,2,8.648
EFGGSRWG,2,8.648
EFPRMMGG,2,8.648
EFSCFEGG,2,8.648
EFSWFAGG,2,8.648
EGCPICGG,2,8.648
EGCPLCGG,2,8.648
EGCPMCCG,2,8.648
EGCPMCGW,2,8.648
EGCPRCGG,2,8.648
EGCQMCGG,2,8.648
EGCTMCGG,2,8.648
EGPWLGG,2,8.648
ELGVVDGG,2,8.648
ELSWAACG,2,8.648
EPCGAWGG,2,8.648
EQGVVEGG,2,8.648
EQSNAMCG,2,8.648
ERGVVDGG,2,8.648
ESSGAQGG,2,8.648
ETDGG,2,8.648
EVSGVEGG,2,8.648
EWGMAEGG,2,8.648
FAAIHMGG,2,8.648
FAARVHGG,2,8.648
FAGCAGGR,2,8.648
FASIQMGG,2,8.648
FCEAMAGG,2,8.648
FCGLCEVG,2,8.648
FCGVCEGG,2,8.648
FDFIWAGC,2,8.648
FDFIWDGG,2,8.648
FDFIWGGG,2,8.648
FFSGEAGG,2,8.648
FGAGLEGW,2,8.648
FGLPLHGG,2,8.648
FGNGALGG,2,8.648
FGVIVMGG,2,8.648
FIPWVLGW,2,8.648
FISHLHGG,2,8.648
FSPGCWGG,2,8.648
FWEAMVGG,2,8.648
FYGAMDGG,2,8.648
GAAPYLGG,2,8.648
GADIAQGG,2,8.648
GADSARGG,2,8.648
GAGNVAGG,2,8.648
GCGISLGG,2,8.648
GDPRAGRG,2,8.648
GDPRAGWG,2,8.648
GEDIARGG,2,8.648
GEGAADGG,2,8.648
GEGNVAGG,2,8.648
GEGPAQGG,2,8.648
GFLAWLGG,2,8.648
GFLGLLGG,2,8.648
GFLPWLGR,2,8.648
GFLPWVGG,2,8.648
GFMGLVGG,2,8.648
GFSWFEGG,2,8.648
GGALIAGG,2,8.648
GGDWRLGG,2,8.648
GGEPCLGG,2,8.648
GGEPLLGG,2,8.648
GGQSAGG,2,8.648
GGQVALGG,2,8.648
GGRGAQGG,2,8.648
GGTLEMGG,2,8.648
GGWFAAGG,2,8.648
GIALMAGC,2,8.648
GIALMEGG,2,8.648
GIDLMAGG,2,8.648
GIELGG,2,8.648
GKGGAAGG,2,8.648
GLAAVNGG,2,8.648
GLALGMGG,2,8.648
GLEVIGGG,2,8.648
GLGGVQGG,2,8.648
GLGLVLGG,2,8.648
GLLGG,2,8.648
GPGHVAGG,2,8.648
GPGRAEGG,2,8.648
GPGYVAGG,2,8.648
GPLVAGGG,2,8.648
GPRAAGG,2,8.648
GPWEGG,2,8.648
GQEQSRGG,2,8.648
GQGGVQGG,2,8.648
GRGWTDGG,2,8.648
GSLGSEGG,2,8.648
GSRP,2,8.648
GSRPEEGC,2,8.648
GSRPELGW,2,8.648
GTRVAAGG,2,8.648
GVAMLGG,2,8.648
GVQNVAGG,2,8.648
GWDAQAGG,2,8.648
GWGLRQGG,2,8.648
GWLQFMGG,2,8.648
GWRAAAGG,2,8.648
GWRGSAGG,2,8.648
GYAGACGA,2,8.648
GYWGIQVG,2,8.648
HCMMCAGV,2,8.648
HGSQCLGG,2,8.648
HIELLGGG,2,8.648
HIWALMGV,2,8.648
HIWALMGW,2,8.648
HIWALMVG,2,8.648
HIWDLMGG,2,8.648
HIWSLMGG,2,8.648
HMELLFGG,2,8.648
HRGLFEVG,2,8.648
HYHAYDGG,2,8.648
IDLGFHGG,2,8.648
IEPVDQGG,2,8.648
IGGAAFGG,2,8.648
IGSGWDGG,2,8.648
IPVHMMGG,2,8.648
IW,2,8.648
IWELALGC,2,8.648
IWELAMGG,2,8.648
IWELAQGG,2,8.648
IWERALGG,2,8.648
IWEVALGG,2,8.648
IWKLALGG,2,8.648
KCGAWRGG,2,8.648
KDHAWAGG,2,8.648
KFLGL,2,8.648
KWSPAPGG,2,8.648
KYGGLYGG,2,8.648
L,2,8.648
LA,2,8.648
LAEVAACG,2,8.648
LAGICAGG,2,8.648
LAGILAGG,2,8.648
LAGIWSGG,2,8.648
LAVVAAGG,2,8.648
LCGLCEGG,2,8.648
LDAVVECG,2,8.648
LDGAAWGG,2,8.648
LEGIWAGG,2,8.648
LFANVLGG,2,8.648
LGEAAWGC,2,8.648
LGEAGWGG,2,8.648
LGEGAWGG,2,8.648
LGGAAGGV,2,8.648
LGGIWAGG,2,8.648
LGHVFMVG,2,8.648
LGHVFRGG,2,8.648
LGLGAAGG,2,8.648
LGMAAAGW,2,8.648
LGMAAAVG,2,8.648
LGQVAAGG,2,8.648
LGVAGG,2,8.648
LHLGLLGG,2,8.648
LHMGLLGV,2,8.648
LL,2,8.648
LLNNAAGG,2,8.648
LNAGVAVG,2,8.648
LNGGVAGG,2,8.648
LQGFLLGG,2,8.648
LSDPWSGG,2,8.648
LSGGVQDG,2,8.648
LSSPFFGS,2,8.648
LSSPFFSG,2,8.648
LSYIHAGG,2,8.648
LVGAAGGG,2,8.648
LVMPWLGG,2,8.648
LWEAMAGG,2,8.648
LWGGAQGG,2,8.648
LWMAAAGG,2,8.648
LYEGRFGG,2,8.648
LYSRLMGG,2,8.648
MIDLLFGG,2,8.648
MNYLLFGG,2,8.648
MSMWLLDG,2,8.648
MWVRAQGG,2,8.648
NEDLAQGG,2,8.648
NGSGWDWG,2,8.648
NSGLLMGG,2,8.648
PADAPRGG,2,8.648
PAGPRGGG,2,8.648
PAQGGLGE,2,8.648
PARAVDGG,2,8.648
PCAGVLGG,2,8.648
PDDALAGG,2,8.648
PFVLIWGG,2,8.648
PFWRAWGG,2,8.648
PGGAVEGG,2,8.648
PLDFQMGG,2,8.648
PLDLQMGV,2,8.648
PLDLQMVG,2,8.648
PLGAVEGG,2,8.648
PPGNSDGG,2,8.648
PPGTADGG,2,8.648
PPSPVDGG,2,8.648
PPVNADGG,2,8.648
PRAGVLGG,2,8.648
PRDGAAWG,2,8.648
PRDGATGG,2,8.648
PRGAVAGG,2,8.648
PRGAVVGG,2,8.648
PTALYDGG,2,8.648
PWACVLGG,2,8.648
PWAGVLCG,2,8.648
PWAGVLVG,2,8.648
PWAGW,2,8.648
PWEGVTGG,2,8.648
PWEVAAGG,2,8.648
PWYALVGG,2,8.648
QAGAVQGG,2,8.648
QAIPWMGG,2,8.648
QCDLLGGG,2,8.648
QCMMCAGG,2,8.648
QDDVVIGG,2,8.648
QFSAMQGG,2,8.648
QGG,2,8.648
QIELLCGG,2,8.648
QIELLGG,2,8.648
QIELLGVG,2,8.648
QIGLLGGG,2,8.648
QPGMAGGG,2,8.648
QSAPPMGG,2,8.648
QSDGLSGG,2,8.648
QVDVIAVG,2,8.648
QWAGVLGG,2,8.648
QWEGLRGG,2,8.648
QWVGLMGG,2,8.648
RAALVAGG,2,8.648
RAWGAE,2,8.648
RAYAGG,2,8.648
REGRVAGG,2,8.648
RFGHGG,2,8.648
RFGHVGG,2,8.648
RFGHVGGC,2,8.648
RFWHVGGG,2,8.648
RGAQVEGG,2,8.648
RGFPWAGG,2,8.648
RGGPFDGG,2,8.648
RGRAAEGG,2,8.648
RGRGSEGG,2,8.648
RGSPLAGG,2,8.648
RGSPWAVG,2,8.648
RGSPWTGG,2,8.648
RGSTWAGG,2,8.648
RGVQEQGG,2,8.648
RKKRQEPE,2,8.648
RLAGAMGG,2,8.648
RLDGAMGV,2,8.648
RLDGSMGG,2,8.648
RLGHVGGG,2,8.648
RLRGLLGG,2,8.648
RMEFTQGG,2,8.648
RNGPWDGG,2,8.648
RNGPWLCG,2,8.648
RNGPWLGA,2,8.648
RNGPWVGG,2,8.648
RNGQWLGG,2,8.648
RPCEGG,2,8.648
RPMNAWEG,2,8.648
RPWDGG,2,8.648
RQDAASGG,2,8.648
RQGIAMGG,2,8.648
RRGAVEGG,2,8.648
RSDMVDWG,2,8.648
RSGLWCGG,2,8.648
RTWEGG,2,8.648
RVAGAQGG,2,8.648
RWVGAAGG,2,8.648
RYYFLQGG,2,8.648
SDDALAGC,2,8.648
SDVALAGG,2,8.648
SEDLALGG,2,8.648
SEDLVRCG,2,8.648
SGELALGG,2,8.648
SLDLIAGG,2,8.648
SLHGAAGG,2,8.648
SPALFEGG,2,8.648
SPAVAGG,2,8.648
SPAVFDGG,2,8.648
SPAVFEDG,2,8.648
SPAVFEGV,2,8.648
SPDLEGGG,2,8.648
SVPFVLGG,2,8.648
SWAGVAGG,2,8.648
SWAKLGGW,2,8.648
SWDGAEGG,2,8.648
SWGLAFGG,2,8.648
SWSKLGGG,2,8.648
SYDIVGGG,2,8.648
TEGPAQCG,2,8.648
TGGLSGGG,2,8.648
TLEVAAGG,2,8.648
TWELALGG,2,8.648
TWEVAAWG,2,8.648
TWEVAGG,2,8.648
TWEVASGG,2,8.648
TWEVSAGG,2,8.648
TWKVAAGG,2,8.648
TWVVAAGG,2,8.648
TYEWTLGG,2,8.648
TYRVVAGG,2,8.648
VAAGG,2,8.648
VAEGAEGW,2,8.648
VAGVVAGG,2,8.648
VANGALGG,2,8.648
VAPLCGGG,2,8.648
VAPLLGGG,2,8.648
VCGLCEGG,2,8.648
VCHVCAGC,2,8.648
VCHVCAGV,2,8.648
VCPPWSGG,2,8.648
VCQLGAGG,2,8.648
VEADTWGG,2,8.648
VEGPAQCG,2,8.648
VEVPAQGG,2,8.648
VFAMAQGV,2,8.648
VFDHLIGG,2,8.648
VFDHLLGW,2,8.648
VFDHLQGG,2,8.648
VFDVSYGV,2,8.648
VFEGIAGG,2,8.648
VFEGNVGG,2,8.648
VFFCYQGG,2,8.648
VFFGYQRG,2,8.648
VFGFAEGG,2,8.648
VFHPHDGG,2,8.648
VFSNLAGG,2,8.648
VGCPMCGG,2,8.648
VGGGLAGG,2,8.648
VGGRVEGG,2,8.648
VGRGG,2,8.648
VHAGMDGG,2,8.648
VHAGMEVG,2,8.648
VHAGTEGG,2,8.648
VHAVMEGG,2,8.648
VHGALHGG,2,8.648
VIALMAGG,2,8.648
VLAPMWGG,2,8.648
VLDMAGGG,2,8.648
VLDMFGGA,2,8.648
VLGQATGG,2,8.648
VLPCAAGG,2,8.648
VLSNWAGG,2,8.648
VQLWWMGG,2,8.648
VRLGTDGG,2,8.648
VSALAMGG,2,8.648
VSHEWLGG,2,8.648
VSNPILGG,2,8.648
VSYIWEGG,2,8.648
VTDLVLGG,2,8.648
VTSGG,2,8.648
VTWPAQGG,2,8.648
VWAGYSGG,2,8.648
VWALMGG,2,8.648
VWCRACGG,2,8.648
VWDLSEGC,2,8.648
VWDMFGGV,2,8.648
VWEMLAGG,2,8.648
VWGLIAWG,2,8.648
VWGLIGGA,2,8.648
VWGLMAGG,2,8.648
VWLLGAGG,2,8.648
VWPPCSGG,2,8.648
VWPPLSGG,2,8.648
VWPPWSGC,2,8.648
VWPTWSGG,2,8.648
WADIARGG,2,8.648
WADTVSGG,2,8.648
WAGPTGGG,2,8.648
WAGVAGGG,2,8.648
WAMGG,2,8.648
WCDGIAGG,2,8.648
WCGAVEGG,2,8.648
WCGGACGG,2,8.648
WFGAMLCG,2,8.648
WGALISGG,2,8.648
WGCPWCGW,2,8.648
WGDPMGGG,2,8.648
WGDPRGWG,2,8.648
WGDPRVGG,2,8.648
WGDVVLGG,2,8.648
WGEVVRGG,2,8.648
WGMAAAGG,2,8.648
WGRVWGGG,2,8.648
WHGGVQGG,2,8.648
WKAGSAGG,2,8.648
WKCGAAGG,2,8.648
WKGGEAGG,2,8.648
WLGAAGGG,2,8.648
WLGAVEGG,2,8.648
WLINAAGG,2,8.648
WLNNAACG,2,8.648
WLNTAAGG,2,8.648
WM,2,8.648
WRAWQGGR,2,8.648
WRGAVEGG,2,8.648
WRNGMEGG,2,8.648
WS,2,8.648
WSAPGQGG,2,8.648
WSDCFMGG,2,8.648
WSDFMQGG,2,8.648
WSDHVDGG,2,8.648
WSDPGSGG,2,8.648
WSDPWAGG,2,8.648
WSDPWGGG,2,8.648
WSDPWSGA,2,8.648
WSDSFMGA,2,8.648
WSNGLVGG,2,8.648
WSNLRWGW,2,8.648
WSWLLWGG,2,8.648
WTRAAEGG,2,8.648
WVALIAGG,2,8.648
WWDGSWGG,2,8.648
WWEAQAGG,2,8.648
WWGAFEGG,2,8.648
WWGAVDGG,2,8.648
WWGAVEGV,2,8.648
WWGPAAGV,2,8.648
WWPGWEGG,2,8.648
YGAGVIGG,2,8.648
YGAGVRGG,2,8.648
YGDLTAGG,2,8.648
YGEWTAGG,2,8.648
YGEWYGGG,2,8.648
YGFGGHGW,2,8.648
YGNGALGV,2,8.648
YGREAAGG,2,8.648
YGREGG,2,8.648
YGSEVG,2,8.648
YLAIRGGG,2,8.648
YLAMWGGG,2,8.648
YLDIMGGG,2,8.648
YLGAVAGG,2,8.648
YLTPLEGG,2,8.648
YLWHLFGV,2,8.648
YRGAVLGG,2,8.648
YRGAVQCG,2,8.648
YRVAVQGG,2,8.648
YSPMLMGE,2,8.648
YSTMLMGG,2,8.648
AADSFCGG,1,4.324
AAGGRGGG,1,4.324
AAPPLEGG,1,4.324
AAPVWGGG,1,4.324
ACAGVAGG,1,4.324
ACAQARGG,1,4.324
ACAVGAGG,1,4.324
ACDACDGG,1,4.324
ACGLWSGG,1,4.324
ACLLVAGG,1,4.324
ADGLLMGW,1,4.324
ADGVDTGG,1,4.324
ADHLLAGG,1,4.324
ADLLLAGG,1,4.324
ADQLLAEG,1,4.324
ADQLLAGA,1,4.324
ADQLLAGV,1,4.324
ADQLLAVG,1,4.324
ADQLLSGG,1,4.324
ADQLWAGG,1,4.324
ADQLWSGG,1,4.324
AEGLCGAR,1,4.324
AEGPAHGG,1,4.324
AEGPAQGW,1,4.324
AEGPGQGG,1,4.324
AENSHGGG,1,4.324
AFAMAQGG,1,4.324
AFPLLNGG,1,4.324
AFVHRLGG,1,4.324
AGAGTSRR,1,4.324
AGAYWQGG,1,4.324
AGCACQGG,1,4.324
AGDGAKGG,1,4.324
AGDSFVGG,1,4.324
AGENSHGG,1,4.324
AGENSQGV,1,4.324
AGGAAEGG,1,4.324
AGGGRLGA,1,4.324
AGGGRRGD,1,4.324
AGGIARGG,1,4.324
AGGLLSGG,1,4.324
AGGLMGG,1,4.324
AGGLWSRG,1,4.324
AGGLWSVG,1,4.324
AGGLWSWG,1,4.324
AGGPWSGG,1,4.324
AGGRAAGG,1,4.324
AGGRWSGG,1,4.324
AGGSHREG,1,4.324
AGGVGGDG,1,4.324
AGGVGVGG,1,4.324
AGGVQGG,1,4.324
AGMHWDWG,1,4.324
AGQAAMGG,1,4.324
AGQSGEGG,1,4.324
AGQSWAGG,1,4.324
AGSLVCGG,1,4.324
AGSMAFGA,1,4.324
AGSPWYGG,1,4.324
AGYGAAGG,1,4.324
AHAGMEGG,1,4.324
AHANAAGG,1,4.324
AHLPGGGG,1,4.324
AHLRWGGG,1,4.324
AHVAPEGG,1,4.324
AIGVVQGG,1,4.324
AISHAYGG,1,4.324
AKDGG,1,4.324
AL,1,4.324
ALAAQAGG,1,4.324
ALARALGG,1,4.324
ALDGISGG,1,4.324
ALERALGG,1,4.324
ALERAMGW,1,4.324
ALERARGG,1,4.324
ALGAVAGG,1,4.324
ALGAVGCG,1,4.324
ALGG,1,4.324
ALGGLDGG,1,4.324
ALGMLQGA,1,4.324
ALGPEAGG,1,4.324
ALGRALGA,1,4.324
ALGVVQGG,1,4.324
ALPGLLGG,1,4.324
ALPGREGG,1,4.324
ALQAAMGG,1,4.324
AMAQGG,1,4.324
AMEVWYGG,1,4.324
AMGPEAGV,1,4.324
AMGVVLGG,1,4.324
AMGVVPGG,1,4.324
ANQLLAGG,1,4.324
AP,1,4.324
APAGAQGG,1,4.324
APAKAAGG,1,4.324
APANAAGR,1,4.324
APANAAGV,1,4.324
APANDAGG,1,4.324
APANILGG,1,4.324
APANLLVG,1,4.324
APANLWGG,1,4.324
APAVGGGR,1,4.324
APDNAAGG,1,4.324
APDNLLGG,1,4.324
APDVRGGR,1,4.324
APHAAGGG,1,4.324
APHSAWGG,1,4.324
APRPLQGG,1,4.324
APRPWLGG,1,4.324
APRRGQGG,1,4.324
APSVRGWR,1,4.324
APVNLLGG,1,4.324
AQAAASGG,1,4.324
AQGG,1,4.324
AQNAADGV,1,4.324
ARAHAAGG,1,4.324
ARAIAAGG,1,4.324
ARAKAAGG,1,4.324
ARANAAWG,1,4.324
ARANADGG,1,4.324
ARAPAQGG,1,4.324
ARAYAAGG,1,4.324
ARDNAAGG,1,4.324
ARGAAEGA,1,4.324
ARGAVEGG,1,4.324
ARGG,1,4.324
ARGGARGG,1,4.324
ARGGLQGG,1,4.324
ARLAAMGG,1,4.324
ARPGLGGG,1,4.324
ARQAAMVG,1,4.324
ARQAGG,1,4.324
ARQDAMGG,1,4.324
ARQVAMGG,1,4.324
ARSLCEGG,1,4.324
ASAGAGGG,1,4.324
ASEGWMGG,1,4.324
ASGPDAGG,1,4.324
ASPCAEGG,1,4.324
ASVMVLGG,1,4.324
ATAGG,1,4.324
ATDGTCGG,1,4.324
ATDKVGGG,1,4.324
ATEGG,1,4.324
ATGGVGGG,1,4.324
AVERAMGG,1,4.324
AVGAVGGG,1,4.324
AVGLWSGG,1,4.324
AVGRLQGG,1,4.324
AVLFMAGG,1,4.324
AVLILEGG,1,4.324
AVLIMECG,1,4.324
AVLIMEGV,1,4.324
AVLIMEGW,1,4.324
AVLIMEVG,1,4.324
AVLLMVGG,1,4.324
AVLSMEGG,1,4.324
AVNAFGGG,1,4.324
AVNWFAGG,1,4.324
AVYLVLGG,1,4.324
AVYLVQGV,1,4.324
AWAAQAGV,1,4.324
AWAE,1,4.324
AWAGAAGG,1,4.324
AWAGG,1,4.324
AWAGGA,1,4.324
AWAGMAGG,1,4.324
AWAGVAGR,1,4.324
AWAGVLGG,1,4.324
AWAGVSGG,1,4.324
AWASVAGG,1,4.324
AWDLLVGG,1,4.324
AWDLSEGG,1,4.324
AWEGLRGV,1,4.324
AWEGVRGG,1,4.324
AWERAMGG,1,4.324
AWEVLRGG,1,4.324
AWFLHWGG,1,4.324
AWGPWNGA,1,4.324
AWLGSLVG,1,4.324
AWLLVAGG,1,4.324
AWPELLGG,1,4.324
AWPGLLGW,1,4.324
AWPGLLVG,1,4.324
AWPGLLWG,1,4.324
AWPGWLGG,1,4.324
AWQQVAGV,1,4.324
AWRIADGG,1,4.324
AWRVAEGG,1,4.324
AWSGVAGG,1,4.324
AWSVAAGA,1,4.324
AWVGVAGG,1,4.324
AYGLLMGG,1,4.324
AYHWLQGG,1,4.324
AYLPWLGG,1,4.324
AYQLLAGG,1,4.324
CAAIEMGG,1,4.324
CAAIQMGG,1,4.324
CAAKVIGG,1,4.324
CAELRCGG,1,4.324
CAGPWVGG,1,4.324
CAGRDCGG,1,4.324
CALGAFGG,1,4.324
CCGSGCGG,1,4.324
CCMGCGGG,1,4.324
CCSPGCGG,1,4.324
CDEGVWGG,1,4.324
CDFIWAGG,1,4.324
CDRVYEGG,1,4.324
CEHGWQGG,1,4.324
CFGAMLGG,1,4.324
CFGCRLGG,1,4.324
CGAMCDGW,1,4.324
CGAMCDWG,1,4.324
CGAMCEGG,1,4.324
CGARCDGG,1,4.324
CGDPRGGG,1,4.324
CGGGIAGG,1,4.324
CGGPCAGA,1,4.324
CGMPWHGG,1,4.324
CGMPWSGG,1,4.324
CGQVALGG,1,4.324
CGRGPEGG,1,4.324
CGSPWAGG,1,4.324
CGVPWGGG,1,4.324
CGWGRLGG,1,4.324
CHDQVRGG,1,4.324
CIEMVHGG,1,4.324
CKGRLAGG,1,4.324
CLNNADGV,1,4.324
CLQIQGGG,1,4.324
CLSWVEGG,1,4.324
CLTPMEGG,1,4.324
CMDNFRGG,1,4.324
CMGPVEGA,1,4.324
CNGPWLGG,1,4.324
CQQGALGG,1,4.324
CRFCGMGG,1,4.324
CSCGMCGG,1,4.324
CSCLLGGG,1,4.324
CSPGFWGG,1,4.324
CSSPGCGG,1,4.324
CVGPLCCG,1,4.324
CVGTLCGG,1,4.324
CVHGFAGG,1,4.324
CVMPLMGG,1,4.324
CVVPLCGG,1,4.324
CVWPFLGG,1,4.324
CVWPLWGG,1,4.324
CWEAMAGG,1,4.324
CWEAYNGG,1,4.324
CWGAVECG,1,4.324
CWGGVHGG,1,4.324
CWQGPAGG,1,4.324
CWRGAAGG,1,4.324
CWSPCCGG,1,4.324
CWSPGCSG,1,4.324
CYDLVGGG,1,4.324
CYGGMDGV,1,4.324
CYPPWSGG,1,4.324
CYPQWAGG,1,4.324
CYSICTLR,1,4.324
DAWPFNGG,1,4.324
DDSRMHGG,1,4.324
DEWHGQGG,1,4.324
DFEAAMGG,1,4.324
DFECFLGG,1,4.324
DFGFLGGV,1,4.324
DFSWFEGG,1,4.324
DFTYGG,1,4.324
DGDLAQGA,1,4.324
DGLEAAGG,1,4.324
DGRAAAGG,1,4.324
DGREAEGG,1,4.324
DL,1,4.324
DLDLAAGG,1,4.324
DLELAAGR,1,4.324
DLELAAGV,1,4.324
DLELAAGW,1,4.324
DLELAAWG,1,4.324
DLELAEGG,1,4.324
DLELGAGG,1,4.324
DLESAAGG,1,4.324
DLGGLEGA,1,4.324
DLPCYFGG,1,4.324
DLSPWRGV,1,4.324
DLSRAFGG,1,4.324
DLTYGGYS,1,4.324
DLVLAAGG,1,4.324
DPANLLGG,1,4.324
DPGLAWGG,1,4.324
DPGMDWGG,1,4.324
DPGMVMGG,1,4.324
DPGPWGGG,1,4.324
DPRWAQGG,1,4.324
DQGPLEGG,1,4.324
DQGPWCGG,1,4.324
DQGPWGCG,1,4.324
DQGPWGGA,1,4.324
DQGPWLGG,1,4.324
DQGSQGG,1,4.324
DRELAAGG,1,4.324
DRGEVWGG,1,4.324
DRGLRGGG,1,4.324
DRLWRSGG,1,4.324
DRPGLQGG,1,4.324
DSALRGGG,1,4.324
DSGLRGGV,1,4.324
DSGLRMGG,1,4.324
DSGVECGG,1,4.324
DSLGRSGG,1,4.324
DSSGAEGG,1,4.324
DSWVREGG,1,4.324
DSYQGG,1,4.324
DTGMAWGG,1,4.324
DTWARCGG,1,4.324
DVGLAARR,1,4.324
DVGLTAGG,1,4.324
DVGLVAGG,1,4.324
DVGWAAGG,1,4.324
DVRVAQGG,1,4.324
DVWGGGQC,1,4.324
DVWGGGSC,1,4.324
DWAGGAGG,1,4.324
EA,1,4.324
EAAFLVGG,1,4.324
EAAPLEGG,1,4.324
EAGGVQGV,1,4.324
EALPFNGG,1,4.324
EAPVWGGG,1,4.324
EARGVQGG,1,4.324
EAVAGV,1,4.324
EAVAGW,1,4.324
EAWPFHGG,1,4.324
EAWPFIGG,1,4.324
EAWQFNGG,1,4.324
ECCQCFGG,1,4.324
ECFQCFCG,1,4.324
ECFQCFGW,1,4.324
ECFQCLGG,1,4.324
ECFQFFGG,1,4.324
ECPNGG,1,4.324
EDDAARGG,1,4.324
EDDALAGG,1,4.324
EEAGLMGG,1,4.324
EELAEMGG,1,4.324
EEPGSDGG,1,4.324
EEPVGGGG,1,4.324
EEPVWGGV,1,4.324
EEPVWGGW,1,4.324
EEPVWGVG,1,4.324
EEPVWSGG,1,4.324
EEPVWVGG,1,4.324
EERGQFGG,1,4.324
EERVWGGG,1,4.324
EFCWFEGG,1,4.324
EFGG,1,4.324
EFGWSRGG,1,4.324
EFHWLQGG,1,4.324
EFPVTGGG,1,4.324
EFPWLNGG,1,4.324
EFS,1,4.324
EFSCFEGV,1,4.324
EFSLFEGG,1,4.324
EFSWFDGG,1,4.324
EFSWFEGV,1,4.324
EFSWFQGG,1,4.324
EFSWLEGG,1,4.324
EFSWSGG,1,4.324
EG,1,4.324
EGCAMCGG,1,4.324
EGCG,1,4.324
EGCPMCRG,1,4.324
EGCPMCVG,1,4.324
EGCPMFGG,1,4.324
EGCPMRGG,1,4.324
EGCPTCGG,1,4.324
EGGLWSGG,1,4.324
EGLHCSGG,1,4.324
EGSPPSGG,1,4.324
EGVAGG,1,4.324
EGVNLLGG,1,4.324
EIWRGGRV,1,4.324
EIWWACAR,1,4.324
EKSNAMGG,1,4.324
ELCALCGA,1,4.324
ELIALGGG,1,4.324
ELPLMLGG,1,4.324
ELPLMMGG,1,4.324
ELPRIMGG,1,4.324
ELSCAAGG,1,4.324
ELSNAMGG,1,4.324
ELSWAAGV,1,4.324
ELSWEAGG,1,4.324
EMSPLQWG,1,4.324
ENGWACAR,1,4.324
ENWCGCAR,1,4.324
EPRPWQGG,1,4.324
EPWVAWGG,1,4.324
EQGGVDGG,1,4.324
EQGVVDGV,1,4.324
EQRGGG,1,4.324
EQSKAMGG,1,4.324
EQSNAIGG,1,4.324
EQSTAMGG,1,4.324
ERPPMFGG,1,4.324
ERQAAMGG,1,4.324
ERQAMMGG,1,4.324
ERWGAWGG,1,4.324
ESDLITTV,1,4.324
ESDLSQGG,1,4.324
ESEAAMGG,1,4.324
ESSWFEGG,1,4.324
ESWPWGGG,1,4.324
ESYVGGGG,1,4.324
ETAALGGG,1,4.324
ETGPQHGG,1,4.324
ETGPQLGG,1,4.324
ETGVAGGG,1,4.324
EVCPMCGG,1,4.324
EWAGVGGG,1,4.324
EWAPAGG,1,4.324
EWLGSLGG,1,4.324
EYDGFQWG,1,4.324
EYGGLDGG,1,4.324
EYHCLQGG,1,4.324
FAAILMGG,1,4.324
FAAIPMGG,1,4.324
FAAIQLGG,1,4.324
FAAIQMCG,1,4.324
FAAIQMVG,1,4.324
FAAIQWGG,1,4.324
FAALQMGG,1,4.324
FAGFAGGG,1,4.324
FAGLAGGR,1,4.324
FAGLQQGG,1,4.324
FARFAGGR,1,4.324
FAWWAQGG,1,4.324
FCGGCAGG,1,4.324
FCGLCEGV,1,4.324
FCGLCEWG,1,4.324
FCGLCQGG,1,4.324
FCGLGEGG,1,4.324
FDAGVMGG,1,4.324
FDEWVMGG,1,4.324
FDFICAGG,1,4.324
FDFIWACG,1,4.324
FDFIWAVG,1,4.324
FDFIWSGG,1,4.324
FDFIWVGG,1,4.324
FDFMWAGG,1,4.324
FDFMWAGV,1,4.324
FDIPANGG,1,4.324
FDLIWAGG,1,4.324
FDSIWAGG,1,4.324
FEFIWAGG,1,4.324
FEGFAGGR,1,4.324
FELQGLGG,1,4.324
FEWSLRGG,1,4.324
FFEGNAGG,1,4.324
FFFGYQGG,1,4.324
FFGLVLGG,1,4.324
FFPGGDGG,1,4.324
FG,1,4.324
FGAGAVGG,1,4.324
FGAGCLGG,1,4.324
FGAILMGG,1,4.324
FGALAEAG,1,4.324
FGALAEGS,1,4.324
FGALAEGV,1,4.324
FGAVGA,1,4.324
FGAWAEGG,1,4.324
FGDGLEGG,1,4.324
FGDIQMGG,1,4.324
FGDSPEGG,1,4.324
FGEAGRGG,1,4.324
FGEISLGG,1,4.324
FGEIYLGW,1,4.324
FGESGWGG,1,4.324
FGGAAYGG,1,4.324
FGGFVMGG,1,4.324
FGGGADGG,1,4.324
FGGLVMGG,1,4.324
FGGPYAGG,1,4.324
FGSASGGG,1,4.324
FGTGLEGG,1,4.324
FGVVGEGG,1,4.324
FGWNFYGG,1,4.324
FGWNLSGG,1,4.324
FGWNLYVG,1,4.324
FHGGMDGG,1,4.324
FLAGTEGG,1,4.324
FLAIMGGG,1,4.324
FLCRLWLR,1,4.324
FLDGLCGG,1,4.324
FLDGLSGW,1,4.324
FLDGMSGG,1,4.324
FLEGSWGG,1,4.324
FLGLVLGW,1,4.324
FLGLVVGG,1,4.324
FLWVVMGG,1,4.324
FLYGLSGG,1,4.324
FNSAQQGG,1,4.324
FPAVDEGG,1,4.324
FPYGLLGV,1,4.324
FQFAREGG,1,4.324
FRLLAFGG,1,4.324
FSAIQMGG,1,4.324
FSDGLSGG,1,4.324
FSGFLGGG,1,4.324
FSGILGVG,1,4.324
FSGLLGGG,1,4.324
FSGPLGAR,1,4.324
FSGSLGGG,1,4.324
FSPGFWWG,1,4.324
FSPGGWGG,1,4.324
FSPGLWGG,1,4.324
FSPGVWGG,1,4.324
FSVILGGG,1,4.324
FTGAVQGG,1,4.324
FVGAVCGG,1,4.324
FVGIVMGG,1,4.324
FWDGLSGG,1,4.324
FWEAIAGG,1,4.324
FWEALAGG,1,4.324
FWEAMACG,1,4.324
FWEAMADG,1,4.324
FWEEMAGG,1,4.324
FWESMAGG,1,4.324
FWEVAAGG,1,4.324
FWGLCEGG,1,4.324
FWRGV,1,4.324
FYEGVMGG,1,4.324
FYFIWAGG,1,4.324
FYGG,1,4.324
FYGGIDGG,1,4.324
FYGGMDGW,1,4.324
FYGGMDRG,1,4.324
FYGGMEGA,1,4.324
FYGGMLGG,1,4.324
FYVGMDGG,1,4.324
G,1,4.324
GAAHGWGA,1,4.324
GAALLHGG,1,4.324
GADAVRGG,1,4.324
GADISRGG,1,4.324
GADLARGG,1,4.324
GAEWHAGG,1,4.324
GAGAAAGG,1,4.324
GAGGG,1,4.324
GAGGIKGG,1,4.324
GAGLAEGG,1,4.324
GAGPWGGG,1,4.324
GAGVEYGG,1,4.324
GALVWGGR,1,4.324
GAPGLMCG,1,4.324
GARGSGGG,1,4.324
GARPE,1,4.324
GATTDGG,1,4.324
GAVIARGG,1,4.324
GAVPYAGG,1,4.324
GAWDGGRV,1,4.324
GAWDGW,1,4.324
GAWEGG,1,4.324
GAYIARGG,1,4.324
GCCGCGGA,1,4.324
GCDGVAGG,1,4.324
GCLHWLGG,1,4.324
GCMGLLGG,1,4.324
GCSIRAGG,1,4.324
GCSPMWGG,1,4.324
GDDVAGGG,1,4.324
GDEVSQGG,1,4.324
GDFIWAGG,1,4.324
GDGAASGV,1,4.324
GDGGTEGG,1,4.324
GDSLYAGW,1,4.324
GDVAVGGG,1,4.324
GDVPGLGG,1,4.324
GEADPWGG,1,4.324
GEAGTQGG,1,4.324
GEELAGGG,1,4.324
GEGAAGGG,1,4.324
GEGLLKGG,1,4.324
GEGREQGG,1,4.324
GEGSAAGG,1,4.324
GEGTAAGG,1,4.324
GEGVAAGG,1,4.324
GENLQQGG,1,4.324
GER,1,4.324
GERAWDGG,1,4.324
GEREWDGW,1,4.324
GEREWEGG,1,4.324
GERSWEGG,1,4.324
GFAMAQGG,1,4.324
GFEVGWGG,1,4.324
GFLPLHGG,1,4.324
GFLPWAGG,1,4.324
GFLPWLRG,1,4.324
GFLRLLGG,1,4.324
GFMALLGG,1,4.324
GFMGFLGG,1,4.324
GFMGLHGG,1,4.324
GFMGLIGG,1,4.324
GFMGLLCG,1,4.324
GFMGLLGC,1,4.324
GFMGLLGR,1,4.324
GFMGLRGG,1,4.324
GFMGWLGG,1,4.324
GFPPSDGA,1,4.324
GFRGGVGG,1,4.324
GFRGLLGG,1,4.324
GFRGVLGG,1,4.324
GFRPWLGG,1,4.324
GFSGAQGW,1,4.324
GFSPLWGG,1,4.324
GFSPMGGG,1,4.324
GFSPMWGW,1,4.324
GFSPRWGG,1,4.324
GFSPWIGG,1,4.324
GFTGLLGG,1,4.324
GG,1,4.324
GGAAFHGG,1,4.324
GGAGAQGG,1,4.324
GGAQYLGG,1,4.324
GGCVGGG,1,4.324
GGEAAWGG,1,4.324
GGEPRLGG,1,4.324
GGEPWLGC,1,4.324
GGEPWMGG,1,4.324
GGEPWVGG,1,4.324
GGERWLGG,1,4.324
GGEVEAGA,1,4.324
GGEVSYGG,1,4.324
GGG,1,4.324
GGGGARGG,1,4.324
GGGLAEGG,1,4.324
GGGLVAGG,1,4.324
GGGLVEGG,1,4.324
GGGVAAGG,1,4.324
GGQDGVGG,1,4.324
GGQIAGGL,1,4.324
GGQIDGG,1,4.324
GGQSWEGG,1,4.324
GGRALLGG,1,4.324
GGRGGG,1,4.324
GGRVWAGG,1,4.324
GGSASAGG,1,4.324
GGVIAAGG,1,4.324
GGVRWLGG,1,4.324
GGWLVQGG,1,4.324
GGWVASGG,1,4.324
GGWVDAGG,1,4.324
GHGGDQGG,1,4.324
GHGGVHGG,1,4.324
GHGVVQGG,1,4.324
GHWASAGG,1,4.324
GIALMAEG,1,4.324
GIALMAWG,1,4.324
GIALMGG,1,4.324
GIALMPGG,1,4.324
GIALMVGG,1,4.324
GIALRAGG,1,4.324
GIALVAGG,1,4.324
GIAMMAGG,1,4.324
GICLALGG,1,4.324
GIGLMAGG,1,4.324
GIHCGG,1,4.324
GILPWLGG,1,4.324
GKMLYHGG,1,4.324
GKWIYAGG,1,4.324
GLAMAAGW,1,4.324
GLAMAEGG,1,4.324
GLAMVAGG,1,4.324
GLAVWEGG,1,4.324
GLDGAMGG,1,4.324
GLDGDAGG,1,4.324
GLDVLAGG,1,4.324
GLDWVAGG,1,4.324
GLFLGMGG,1,4.324
GLGCARGG,1,4.324
GLGGLSGV,1,4.324
GLGLAVGG,1,4.324
GLMGLLGG,1,4.324
GLMQPWGG,1,4.324
GLNNAAGG,1,4.324
GLNPARGG,1,4.324
GLSGYQGG,1,4.324
GLTGPWGG,1,4.324
GLVGVAGG,1,4.324
GLWAYAGV,1,4.324
GLWGGGRR,1,4.324
GLWGWGGG,1,4.324
GLWIYAGG,1,4.324
GLWTVEGG,1,4.324
GM,1,4.324
GMALMAGG,1,4.324
GMEGTYGG,1,4.324
GMGPEIGG,1,4.324
GMLGAMGV,1,4.324
GMVPAEGG,1,4.324
GMWGAMGG,1,4.324
GMWPAEGG,1,4.324
GNENVAGG,1,4.324
GNGARLGG,1,4.324
GNMGLKGG,1,4.324
GPAMGG,1,4.324
GPAWGGLV,1,4.324
GPCNVAGG,1,4.324
GPDLGHGA,1,4.324
GPDMRRGG,1,4.324
GPDPFGGA,1,4.324
GPEEAAGG,1,4.324
GPEGAQGG,1,4.324
GPEPERGG,1,4.324
GPGFWGG,1,4.324
GPGGVQGG,1,4.324
GPGHLAGG,1,4.324
GPGLAAGG,1,4.324
GPGLAEVG,1,4.324
GPGLAVGG,1,4.324
GPGNAAGG,1,4.324
GPGNLAGG,1,4.324
GPGNMAGG,1,4.324
GPGNVAEG,1,4.324
GPGNVAGA,1,4.324
GPGNVAGD,1,4.324
GPGNVARG,1,4.324
GPGNVEGG,1,4.324
GPGNVGGG,1,4.324
GPGNVSGG,1,4.324
GPGNVTGG,1,4.324
GPGPWGGA,1,4.324
GPGVAAVG,1,4.324
GPGVALGG,1,4.324
GPMAAMGG,1,4.324
GPPACWGG,1,4.324
GPRAAIGG,1,4.324
GPRAARGG,1,4.324
GPRALEGG,1,4.324
GPRGAMGG,1,4.324
GPSAAMGG,1,4.324
GPSNVAGG,1,4.324
GPWPWGGG,1,4.324
GQCIYAGG,1,4.324
GQGFAAGG,1,4.324
GQGGAAGG,1,4.324
GQRAAMGG,1,4.324
GQWISAGG,1,4.324
GQWIYAGW,1,4.324
GRALVEGG,1,4.324
GRCALKGG,1,4.324
GRCNVAGG,1,4.324
GREMAQGA,1,4.324
GREVLEGG,1,4.324
GREWLNGG,1,4.324
GRGAALGG,1,4.324
GRGAAQGW,1,4.324
GRGEAFGG,1,4.324
GRGLAHGG,1,4.324
GRGLAVGG,1,4.324
GRGNVAGG,1,4.324
GRGPRCGG,1,4.324
GRLMAVGG,1,4.324
GRMIGMGG,1,4.324
GRNVWGAK,1,4.324
GRQGVAGG,1,4.324
GRSGRLGS,1,4.324
GRVILEGG,1,4.324
GRVWVTGG,1,4.324
GSAHGGGA,1,4.324
GSAQGWGA,1,4.324
GSAWDGGG,1,4.324
GSDRTGGG,1,4.324
GSEPGRGG,1,4.324
GSEVADG,1,4.324
GSGAREGA,1,4.324
GSGPGAGG,1,4.324
GSGPWGGG,1,4.324
GSGQRGG,1,4.324
GSLALMEG,1,4.324
GSLALRGG,1,4.324
GSMALMGG,1,4.324
GSMALRGG,1,4.324
GSNLRWGG,1,4.324
GSPGADGG,1,4.324
GSRPAEGG,1,4.324
GSRPE,1,4.324
GSRPEAGG,1,4.324
GSRPEEVG,1,4.324
GSRPEEWG,1,4.324
GSRPELVG,1,4.324
GSRPVVGG,1,4.324
GSRPWLGG,1,4.324
GSSASEGG,1,4.324
GSSPEEGG,1,4.324
GSVEAAGG,1,4.324
GSWGIQGG,1,4.324
GSYMARGG,1,4.324
GTDPCGGA,1,4.324
GTDPLGGA,1,4.324
GTEGWTGG,1,4.324
GTRAAMGG,1,4.324
GTYAWSGG,1,4.324
GVAGAHGG,1,4.324
GVAGAKGG,1,4.324
GVAGALGG,1,4.324
GVAGAWGG,1,4.324
GVAGSQGG,1,4.324
GVAGVLGG,1,4.324
GVAGYHGG,1,4.324
GVAPEAGG,1,4.324
GVEMGYGG,1,4.324
GVGAVGGG,1,4.324
GVGLVAGW,1,4.324
GVGMRAGG,1,4.324
GVGPAMGG,1,4.324
GVGPWVCG,1,4.324
GVGPWVGC,1,4.324
GVPLCQGG,1,4.324
GVRGWEGG,1,4.324
GVTGAQGG,1,4.324
GVWLEWGG,1,4.324
GWCGAAGG,1,4.324
GWDGAWGG,1,4.324
GWDLLAGV,1,4.324
GWDLLGGA,1,4.324
GWDLWGEG,1,4.324
GWDLWGGW,1,4.324
GWDLWGWG,1,4.324
GWDVLGGG,1,4.324
GWEGG,1,4.324
GWEPWLGV,1,4.324
GWGAAGGG,1,4.324
GWGLADGG,1,4.324
GWGLIAGG,1,4.324
GWLGAARR,1,4.324
GWLGSGGG,1,4.324
GWLGSLGG,1,4.324
GWLQYMGC,1,4.324
GWMVAGGR,1,4.324
GWPPEVGG,1,4.324
GWPPWSGG,1,4.324
GWRGAAGV,1,4.324
GWRGAAGW,1,4.324
GWRGAAVG,1,4.324
GWRGADGG,1,4.324
GWRGAMGG,1,4.324
GWRGASGG,1,4.324
GWRGGAGG,1,4.324
GWRRAAGG,1,4.324
GWYVLSGG,1,4.324
GYAGAWGV,1,4.324
GYDFLQGG,1,4.324
GYGGVSGV,1,4.324
GYWVIQGG,1,4.324
GYWWIQGG,1,4.324
HAGAAGG,1,4.324
HAQWAHGG,1,4.324
HARLAEGG,1,4.324
HAWQVLGG,1,4.324
HCIMCAGG,1,4.324
HCMRCAGG,1,4.324
HEQLAEGG,1,4.324
HFGPGMGG,1,4.324
HFGPVLGG,1,4.324
HFGPVMGV,1,4.324
HFWALMGG,1,4.324
HGAVLLGG,1,4.324
HGG,1,4.324
HGGPAAGG,1,4.324
HGGPPEGG,1,4.324
HHGGAAGG,1,4.324
HHRVAAGG,1,4.324
HICALMGG,1,4.324
HILALMGG,1,4.324
HIWAFMGG,1,4.324
HIWALAGG,1,4.324
HIWALLGG,1,4.324
HIWALMEG,1,4.324
HIWALMGR,1,4.324
HIWGLMGG,1,4.324
HIWGSEGG,1,4.324
HKEGPMGG,1,4.324
HLDLQMGG,1,4.324
HLEFSHMN,1,4.324
HLGLLFGG,1,4.324
HLGPAEGG,1,4.324
HLWGWMGG,1,4.324
HNCGSDGG,1,4.324
HNCRVFGG,1,4.324
HNRGAAGG,1,4.324
HNWGSEGG,1,4.324
HPAVVEGG,1,4.324
HPRLADGW,1,4.324
HPRLGDGG,1,4.324
HPRLSDGG,1,4.324
HQNYKHGG,1,4.324
HRGLFAGG,1,4.324
HSGGVAGG,1,4.324
HSGLRGGG,1,4.324
HSPGAAGG,1,4.324
HSRPHDGG,1,4.324
HSVGFAGG,1,4.324
HSWLAAGG,1,4.324
HYGGVVGG,1,4.324
HYGRVLGG,1,4.324
IACAMLGA,1,4.324
IAGIWAGG,1,4.324
ICELALGG,1,4.324
IDRLAAGG,1,4.324
IFLWELGG,1,4.324
IGAGVEGG,1,4.324
IGDGIRGG,1,4.324
IGGGGAGG,1,4.324
IGGGVGGG,1,4.324
IGQVWGGG,1,4.324
IGVAADGG,1,4.324
IGVIQEGG,1,4.324
IIEAMMGG,1,4.324
ILAGTLGG,1,4.324
ILCVLHGG,1,4.324
ILELALGG,1,4.324
ILNLWQGV,1,4.324
ILNVWKGG,1,4.324
ILNVWQVG,1,4.324
ILPHWEGG,1,4.324
ILPPCAGG,1,4.324
INLMIAGG,1,4.324
IPIYGMGG,1,4.324
IPMHMLGG,1,4.324
IPNYGG,1,4.324
IPVHILGG,1,4.324
IPVHLLGG,1,4.324
IPVHMLCG,1,4.324
IPVHMLVG,1,4.324
IPVHMPGG,1,4.324
IPVHMVGG,1,4.324
IPVNMLGG,1,4.324
IPVQMLGG,1,4.324
IPVYMLGG,1,4.324
IQVHMLGG,1,4.324
IRGMAIGG,1,4.324
IRGMATGG,1,4.324
IRVHMLGG,1,4.324
ISPPAQGG,1,4.324
IVGALFGG,1,4.324
IVGPLQGG,1,4.324
IVGPWLGG,1,4.324
IVHVWGGG,1,4.324
IWAGVAGG,1,4.324
IWAKLGGG,1,4.324
IWDMFGGA,1,4.324
IWELADGG,1,4.324
IWELAVGG,1,4.324
IWELGLGG,1,4.324
IWELSLGG,1,4.324
IWGG,1,4.324
IWPPWDGG,1,4.324
IWQLGAGG,1,4.324
IWSGPAGG,1,4.324
IWVGIVGG,1,4.324
IYDLVGGG,1,4.324
KCSPAQGG,1,4.324
KFDLFGGG,1,4.324
KFLGLEVG,1,4.324
KGSGWYGG,1,4.324
KIDPVRGG,1,4.324
KIELLGGG,1,4.324
KLSPAQGG,1,4.324
KSDGTDGA,1,4.324
KVCHFMGG,1,4.324
KVCHFMGV,1,4.324
KVGHFMGC,1,4.324
KVMHVAGG,1,4.324
KW,1,4.324
KWSPAQGV,1,4.324
KWSPAQWG,1,4.324
KYGCLDGG,1,4.324
KYGGLVGG,1,4.324
LAAEVIGG,1,4.324
LADVAAGG,1,4.324
LAEVAAGW,1,4.324
LAEVAAVG,1,4.324
LAEVASGG,1,4.324
LAEVSAVG,1,4.324
LAEVVGGA,1,4.324
LAGAVAWG,1,4.324
LAGGPRGV,1,4.324
LAGI,1,4.324
LAGIWADG,1,4.324
LAGIWDGG,1,4.324
LAGIWTGG,1,4.324
LAGMWAGG,1,4.324
LAGNADGG,1,4.324
LAGNWAGG,1,4.324
LAGPAAGG,1,4.324
LAGTWAGG,1,4.324
LAHVLAVG,1,4.324
LAHVWAGG,1,4.324
LALGG,1,4.324
LANGAMGG,1,4.324
LAPALRGG,1,4.324
LASIVQGG,1,4.324
LAVAVAGG,1,4.324
LAVPYAGG,1,4.324
LAWQGG,1,4.324
LCALRLCG,1,4.324
LCDMWDGG,1,4.324
LCEGG,1,4.324
LCGG,1,4.324
LCGGACGW,1,4.324
LCGGAFGG,1,4.324
LCGGCAVG,1,4.324
LCGGCSGG,1,4.324
LCGGGCGG,1,4.324
LCGRACGG,1,4.324
LCLGLDGG,1,4.324
LCQGAAGG,1,4.324
LCSPFLGG,1,4.324
LCVLFDGG,1,4.324
LCWLAAGG,1,4.324
LDCRLMGG,1,4.324
LDEAAWGG,1,4.324
LDFIWAGG,1,4.324
LDFMWAGG,1,4.324
LDGAVAVG,1,4.324
LDIRLMGV,1,4.324
LDRGVEGG,1,4.324
LDSRLRGG,1,4.324
LDWWLEGG,1,4.324
LEAYLWGG,1,4.324
LEDVANGG,1,4.324
LEGAVAGG,1,4.324
LEGIVSGG,1,4.324
LEGVAGG,1,4.324
LENPGSGG,1,4.324
LEPGPAGG,1,4.324
LEQPWSVG,1,4.324
LESFFAGG,1,4.324
LESVFGGG,1,4.324
LFAIVFGG,1,4.324
LFANIFGG,1,4.324
LFANVFVG,1,4.324
LFDVIAGG,1,4.324
LFENWAGA,1,4.324
LFGAMLGG,1,4.324
LFGFAAGG,1,4.324
LFGWHRGG,1,4.324
LFLPCHGG,1,4.324
LFLPGHGG,1,4.324
LFLPSHGG,1,4.324
LFLPWHGC,1,4.324
LFLPWHWG,1,4.324
LFPGGEGG,1,4.324
LFPGGVGG,1,4.324
LFPGGYGG,1,4.324
LFSGGDGG,1,4.324
LFVGDQGG,1,4.324
LFWGVHGG,1,4.324
LGAGADGG,1,4.324
LGAGLEGG,1,4.324
LGALIAGG,1,4.324
LGAWLLGA,1,4.324
LGCVACGG,1,4.324
LGDVGLGG,1,4.324
LGEAA,1,4.324
LGEAAGA,1,4.324
LGEAAGGG,1,4.324
LGEAAMGG,1,4.324
LGEAAWVG,1,4.324
LGEAAWWG,1,4.324
LGEASWGG,1,4.324
LGEAVAGG,1,4.324
LGEEAWGG,1,4.324
LGEPAWGG,1,4.324
LGEVAAGG,1,4.324
LGGAA,1,4.324
LGGAAGCG,1,4.324
LGGAAGG,1,4.324
LGGAALGG,1,4.324
LGGAAYGG,1,4.324
LGGAGGGG,1,4.324
LGGGACGG,1,4.324
LGGGVAGG,1,4.324
LGGIVMGG,1,4.324
LGGPAGGG,1,4.324
LGHEFMGG,1,4.324
LGHVAGG,1,4.324
LGHVFMGA,1,4.324
LGHVFMGC,1,4.324
LGHVIMGG,1,4.324
LGHVLMGG,1,4.324
LGHVSMGG,1,4.324
LGHVYMGG,1,4.324
LGLLQNGG,1,4.324
LGMAAGG,1,4.324
LGMAASGG,1,4.324
LGMAAVGG,1,4.324
LGMAEAGG,1,4.324
LGMAGAGG,1,4.324
LGMAQGG,1,4.324
LGMASAGG,1,4.324
LGPGAAGG,1,4.324
LGQAALGG,1,4.324
LGQGGAGG,1,4.324
LGQLVEGG,1,4.324
LGQVYAGG,1,4.324
LGRLAQGG,1,4.324
LGRLPWTG,1,4.324
LGRSCHGG,1,4.324
LGSGVAGG,1,4.324
LGSPLHGG,1,4.324
LGSPWAGG,1,4.324
LGSQVMGV,1,4.324
LGSRAQGG,1,4.324
LGVAADGV,1,4.324
LGVAAEPE,1,4.324
LGVAAVGG,1,4.324
LGVIWAGG,1,4.324
LGYGG,1,4.324
LGYIALGG,1,4.324
LGYVFMGG,1,4.324
LHAGMEGG,1,4.324
LHLVMQGG,1,4.324
LHMGLLGW,1,4.324
LHMGLLVG,1,4.324
LHMGVLGG,1,4.324
LHMWLLGG,1,4.324
LHQGG,1,4.324
LIAQVQGG,1,4.324
LIGVVAGG,1,4.324
LIIHLHGG,1,4.324
LISHLHGV,1,4.324
LISPFFGG,1,4.324
LLAAKLGG,1,4.324
LLAGGG,1,4.324
LLALMAGG,1,4.324
LLAPCKGG,1,4.324
LLDGAWGG,1,4.324
LLEVCCGG,1,4.324
LLEVFFGG,1,4.324
LLEVSLGG,1,4.324
LLEVVVGG,1,4.324
LLGHINGG,1,4.324
LLGHVNGV,1,4.324
LLGIEAGG,1,4.324
LLGLALGG,1,4.324
LLGLEGG,1,4.324
LLGLSMGG,1,4.324
LLGPAMGG,1,4.324
LLGQVNGG,1,4.324
LLGYVMGG,1,4.324
LLMGALVC,1,4.324
LLMVKEGG,1,4.324
LLRLAMGG,1,4.324
LLSGAMGG,1,4.324
LLSMVMVG,1,4.324
LLSVVRGG,1,4.324
LLWD,1,4.324
LMALIDGG,1,4.324
LMCVAVGG,1,4.324
LMHGLMEG,1,4.324
LMLGLMGG,1,4.324
LNAGLAGG,1,4.324
LNAGVACG,1,4.324
LNAGVGGV,1,4.324
LNEAGLGG,1,4.324
LNGGGAGG,1,4.324
LNGGQFGG,1,4.324
LNIGVLGG,1,4.324
LNLGVLGG,1,4.324
LNMGVLGD,1,4.324
LNMGVLGS,1,4.324
LNMGVQGG,1,4.324
LNRGVLGG,1,4.324
LNVGMAGG,1,4.324
LPAGAMGV,1,4.324
LPAGARGG,1,4.324
LPAGSMGG,1,4.324
LPAMV,1,4.324
LPARLYGG,1,4.324
LPAWAMGG,1,4.324
LPCLWCGG,1,4.324
LPCPVFGG,1,4.324
LPDGAMGG,1,4.324
LPGLLRGG,1,4.324
LPGVLRGC,1,4.324
LPSGAMGG,1,4.324
LPVHMLGG,1,4.324
LQGFAAGG,1,4.324
LQGFLMGV,1,4.324
LQGFLMRG,1,4.324
LQGLWHWG,1,4.324
LQLGWQGG,1,4.324
LQVGHAGG,1,4.324
LQWFLMGG,1,4.324
LQWIVVGG,1,4.324
LRAGAMGG,1,4.324
LRDNKLGG,1,4.324
LREAPKGG,1,4.324
LRGAVEGG,1,4.324
LRGGADGG,1,4.324
LRHAALGG,1,4.324
LRLGWSSF,1,4.324
LRPPVRGG,1,4.324
LRVVADGG,1,4.324
LSAGAMGG,1,4.324
LSCAAAGG,1,4.324
LSDGSAGA,1,4.324
LSEPGQGG,1,4.324
LSERLMGG,1,4.324
LSEVAAGG,1,4.324
LSGFVLGG,1,4.324
LSGGWQGG,1,4.324
LSGVGGGG,1,4.324
LSIPFFGG,1,4.324
LSPGAEGG,1,4.324
LSSHFFGG,1,4.324
LSSPFFCG,1,4.324
LSSPFFGA,1,4.324
LSSTFFGG,1,4.324
LSSTFLGG,1,4.324
LSWLLGGG,1,4.324
LVEAAWGG,1,4.324
LVGAPAGG,1,4.324
LVGLAMGG,1,4.324
LVGPWSGG,1,4.324
LVGTGGG,1,4.324
LVMAAAGG,1,4.324
LVQGAAGG,1,4.324
LVSGVEGG,1,4.324
LVVAADGG,1,4.324
LVVPWLGW,1,4.324
LVVPWWGG,1,4.324
LWCLACGG,1,4.324
LWDLSEGG,1,4.324
LWDLVLGG,1,4.324
LWELALGG,1,4.324
LWGGACGG,1,4.324
LWGGIVGG,1,4.324
LWGGVQGG,1,4.324
LWGIGAGG,1,4.324
LWHLAMGG,1,4.324
LWLGG,1,4.324
LWLGLDGV,1,4.324
LWLGLVGG,1,4.324
LWLICLGG,1,4.324
LWLRWGGG,1,4.324
LWPFLYGV,1,4.324
LWPPWSGG,1,4.324
LWRARGGS,1,4.324
LWRFLYGG,1,4.324
LYDGMFGV,1,4.324
LYEGLFGG,1,4.324
LYEGMFGV,1,4.324
LYEGMFVG,1,4.324
LYEGMLGG,1,4.324
LYGGMEGG,1,4.324
LYSIECGG,1,4.324
LYVGLSGG,1,4.324
MADMGDGG,1,4.324
MAEVAAGG,1,4.324
MCEMICGG,1,4.324
MCGLADGG,1,4.324
MFMGTLGA,1,4.324
MGGAAYGG,1,4.324
MGGGVAGG,1,4.324
MGRISDGG,1,4.324
MHELGGGA,1,4.324
MIEALMGG,1,4.324
MIEAMIGG,1,4.324
MLAAVGGA,1,4.324
MLALADGG,1,4.324
MLDGAGGG,1,4.324
MLDGAWGV,1,4.324
MLELACGG,1,4.324
MLELGGGA,1,4.324
MLLFVAGG,1,4.324
MLLGTDGG,1,4.324
MLLPLRGG,1,4.324
MLSAIAGA,1,4.324
MMQNQMGA,1,4.324
MNDLLFGV,1,4.324
MNDLVGGG,1,4.324
MNGLLFGG,1,4.324
MNHLWAGG,1,4.324
MQGGVQGA,1,4.324
MRSDVLGG,1,4.324
MRWGVLGG,1,4.324
MSDVTDGG,1,4.324
MSEAMMGG,1,4.324
MSNKQNGG,1,4.324
MTDLLFGG,1,4.324
MTGAFSGG,1,4.324
MTWPEQGG,1,4.324
MVAWLLGA,1,4.324
MVDRAGGG,1,4.324
MVLAAHGG,1,4.324
MWAGG,1,4.324
MWAGVAGG,1,4.324
MWGGAQGG,1,4.324
MWGGGCGG,1,4.324
MWGGIVGG,1,4.324
MWGGSVGG,1,4.324
MWLGAQGG,1,4.324
MWRARGGR,1,4.324
MWSPAQGG,1,4.324
MWVGA,1,4.324
MWVGAQCG,1,4.324
MWVGAQGV,1,4.324
MWVVAGG,1,4.324
MWVVAQGG,1,4.324
MWVWALGG,1,4.324
MWVWAQGG,1,4.324
MYDFLQGG,1,4.324
MYDLLFGG,1,4.324
N,1,4.324
NAGVVGGG,1,4.324
NDDKFGGG,1,4.324
NEDKFGGV,1,4.324
NEYKFGGG,1,4.324
NFLGVGGG,1,4.324
NGRGWDGG,1,4.324
NHGWVEGG,1,4.324
NHRGAAGG,1,4.324
NIWALMGG,1,4.324
NLGAVSGG,1,4.324
NLQEYAGV,1,4.324
NLSVAWGG,1,4.324
NPALGGYL,1,4.324
NPALGV,1,4.324
NRLLLHGG,1,4.324
NSGLRLGG,1,4.324
NWEVAAGG,1,4.324
PADMLGG,1,4.324
PADMLGGC,1,4.324
PAEMLGGG,1,4.324
PAGADGG,1,4.324
PAGGACGG,1,4.324
PAGGWRGG,1,4.324
PAGPIGGG,1,4.324
PAGPMGGC,1,4.324
PAGRDWGG,1,4.324
PALGG,1,4.324
PALNAGGG,1,4.324
PALNARGG,1,4.324
PAQGGKGE,1,4.324
PCDLFGGG,1,4.324
PCGLMWGG,1,4.324
PEGLAGGG,1,4.324
PEGPAQGG,1,4.324
PEVGVNGG,1,4.324
PFEWTLGG,1,4.324
PFGMIWGG,1,4.324
PFSALQGG,1,4.324
PFSAMHGG,1,4.324
PFSAMKGG,1,4.324
PFYAAGG,1,4.324
PFYVAMGV,1,4.324
PFYVDMGG,1,4.324
PGAGVLGG,1,4.324
PGPVILGG,1,4.324
PGSPASDG,1,4.324
PGVHVLGG,1,4.324
PGVHVMWG,1,4.324
PGVHVRGG,1,4.324
PGYIQRGG,1,4.324
PHRLVQGG,1,4.324
PIANGWGG,1,4.324
PKAGPMGG,1,4.324
PKEEPMGG,1,4.324
PLCAVCGG,1,4.324
PLCPMCGG,1,4.324
PLDGAAWG,1,4.324
PLDLHLGG,1,4.324
PLDLQIGG,1,4.324
PLEVPMVG,1,4.324
PLEVPMWG,1,4.324
PLGAYLGG,1,4.324
PLGLVRGG,1,4.324
PLPGELGG,1,4.324
PLWPAMGV,1,4.324
PLWPAMGW,1,4.324
PLWPSMGG,1,4.324
PLWQAMGG,1,4.324
PLWSAMGG,1,4.324
PLWTAMGG,1,4.324
PLYGAAGG,1,4.324
PMCAVCVG,1,4.324
PMCAVCWG,1,4.324
PMCAVFGG,1,4.324
PMCAVWGG,1,4.324
PMCGVCGG,1,4.324
PMFGVCGG,1,4.324
PMGGMLGG,1,4.324
PMWPAMGG,1,4.324
PPARNSNV,1,4.324
PPGASAGG,1,4.324
PPGGG,1,4.324
PPGNADVG,1,4.324
PPGNAEGG,1,4.324
PPGNAVGG,1,4.324
PPMRGG,1,4.324
PPPDLSGA,1,4.324
PPSGG,1,4.324
PQMIGRGG,1,4.324
PQMIVRGV,1,4.324
PQPPAMVG,1,4.324
PRAGAAGG,1,4.324
PRAGQFGG,1,4.324
PRAPELGG,1,4.324
PRDGAAGV,1,4.324
PRDGAGGG,1,4.324
PRDGASGG,1,4.324
PRDGAWG,1,4.324
PRDVLAGG,1,4.324
PREQGG,1,4.324
PRGAVEGW,1,4.324
PRGAVEWG,1,4.324
PRGHFDGG,1,4.324
PRGLMGG,1,4.324
PRGLWCVG,1,4.324
PRLDAMGG,1,4.324
PRVVAAGG,1,4.324
PSEARLGG,1,4.324
PSEVVQGG,1,4.324
PSGATDGG,1,4.324
PSGLAAGG,1,4.324
PSGMLWGG,1,4.324
PSPLVQGG,1,4.324
PSRPHVGG,1,4.324
PSRPHYGG,1,4.324
PSWLAAGV,1,4.324
PSWVAAGG,1,4.324
PSYLVFGG,1,4.324
PVDLQMGG,1,4.324
PVFGG,1,4.324
PVGASLGG,1,4.324
PVGPRGGG,1,4.324
PVRPAQGG,1,4.324
PVVAYLGG,1,4.324
PWAE,1,4.324
PWAGADGG,1,4.324
PWAGMLGG,1,4.324
PWAGVAGG,1,4.324
PWAGVLGR,1,4.324
PWAGVLGV,1,4.324
PWAGVRGG,1,4.324
PWAGVWGG,1,4.324
PWAGYQGG,1,4.324
PWDGVLGG,1,4.324
PWEGLMGG,1,4.324
PWGGVLGG,1,4.324
PWGRVAGG,1,4.324
PWHGAAGG,1,4.324
PWIHALGA,1,4.324
PWRVADGG,1,4.324
PWVGARGG,1,4.324
PWWPAMGG,1,4.324
PY,1,4.324
PYECTLGG,1,4.324
PYEIFGGG,1,4.324
PYEIVGGW,1,4.324
PYEIVGSG,1,4.324
PYEWALGG,1,4.324
PYEWNIGG,1,4.324
PYEWTFGG,1,4.324
PYEWTLGV,1,4.324
PYEWTLVG,1,4.324
PYQGSLGG,1,4.324
PYRVVVGG,1,4.324
QAAFVAGG,1,4.324
QAAGG,1,4.324
QAGAAGGG,1,4.324
QAGPMGGG,1,4.324
QAHWAHGG,1,4.324
QARPWMGG,1,4.324
QASVVGGG,1,4.324
QCEGLMGG,1,4.324
QDAGACGG,1,4.324
QESVVGGG,1,4.324
QFELLGGG,1,4.324
QGFGADGG,1,4.324
QGQGTWGG,1,4.324
QHGGG,1,4.324
QI,1,4.324
QIALLGGG,1,4.324
QIEILGGG,1,4.324
QIELLCVG,1,4.324
QIELLGGC,1,4.324
QIELLGGD,1,4.324
QIELMGGG,1,4.324
QIEPLGGG,1,4.324
QIEQGG,1,4.324
QLAHLFGG,1,4.324
QLAHLYVG,1,4.324
QLALIAGG,1,4.324
QLALLAGG,1,4.324
QLELLGGG,1,4.324
QLSILGGG,1,4.324
QPGNADGG,1,4.324
QREVRGGG,1,4.324
QREVVEGG,1,4.324
QRGACAGG,1,4.324
QSAPVWGG,1,4.324
QSDPMCGG,1,4.324
QSDPMWGR,1,4.324
QSDPMWGW,1,4.324
QSDPTWGG,1,4.324
QSFPALGG,1,4.324
QSYPMWGG,1,4.324
QTGMGAGG,1,4.324
QTVLVQGG,1,4.324
QVHITQGG,1,4.324
QVPFPRRV,1,4.324
QVVQGG,1,4.324
QVYVIAGG,1,4.324
QWAGLLGG,1,4.324
QWAGLMGG,1,4.324
QWEGLFGG,1,4.324
QWEGLIGG,1,4.324
QWEGLKGG,1,4.324
QWQGTGGG,1,4.324
QWQGTWVG,1,4.324
QWRAVDGG,1,4.324
QWRGVSGG,1,4.324
QWSILGG,1,4.324
QYDGLSGW,1,4.324
QYDVLSGG,1,4.324
QYEIVGGG,1,4.324
QYYGLSGG,1,4.324
RAAVADGG,1,4.324
RADCWAGG,1,4.324
RADIWAGG,1,4.324
RADRWAGG,1,4.324
RAEVAAGG,1,4.324
RAGGANGG,1,4.324
RAGIWAGG,1,4.324
RAGLGAGG,1,4.324
RAGRVAGG,1,4.324
RAKGWTGG,1,4.324
RALLWWGA,1,4.324
RASNAEGG,1,4.324
RAVRYAGG,1,4.324
RAWLADGG,1,4.324
RCDLFGGG,1,4.324
RCDPRLGG,1,4.324
RCGHVGGG,1,4.324
RCGQGGGG,1,4.324
RCSPWAGG,1,4.324
RDGIWSGG,1,4.324
RDGLCAGG,1,4.324
RDGLWYGG,1,4.324
RDGRGAGG,1,4.324
RDSAAAGC,1,4.324
RDSAAAGV,1,4.324
RDSAASGG,1,4.324
RDSATAGG,1,4.324
RDYARAGA,1,4.324
RECGGQGR,1,4.324
REGGASGG,1,4.324
REGGSFGG,1,4.324
REGQAEGG,1,4.324
RELSVMGG,1,4.324
RFAGFVGA,1,4.324
RFALAAGG,1,4.324
RFCIVCGV,1,4.324
RFCVWSGG,1,4.324
RFDFLQGG,1,4.324
RFGGLRGG,1,4.324
RFGHGGGG,1,4.324
RFGHVGGA,1,4.324
RFGHVVGG,1,4.324
RFGPVRGG,1,4.324
RFGRVDGG,1,4.324
RFGWLLGG,1,4.324
RFLGAGGG,1,4.324
RFQMGCYR,1,4.324
RFSVLAGG,1,4.324
RGAAFHGG,1,4.324
RGAPFMGS,1,4.324
RGAPFMGW,1,4.324
RGAPFRGG,1,4.324
RGCQYDGG,1,4.324
RGEAAWGG,1,4.324
RGEGAWGG,1,4.324
RGEQMCGG,1,4.324
RGGGIAGG,1,4.324
RGGLQQGG,1,4.324
RGGQELGG,1,4.324
RGGQEQGV,1,4.324
RGGQFDGG,1,4.324
RGGQYDVG,1,4.324
RGLGEGG,1,4.324
RGLQFGGG,1,4.324
RGLQYGGV,1,4.324
RGNFRLGG,1,4.324
RGNPRVGG,1,4.324
RGQQARGA,1,4.324
RGSGAQGG,1,4.324
RGSGSDGG,1,4.324
RGSPFMGG,1,4.324
RGSPRAGG,1,4.324
RGSPWAGE,1,4.324
RGSPWEGG,1,4.324
RGSPWSGG,1,4.324
RGTPRMGG,1,4.324
RGTPWAGG,1,4.324
RGVPFMGG,1,4.324
RGYPWAGG,1,4.324
RHEGGHGG,1,4.324
RHGGVQGG,1,4.324
RHLFGAGA,1,4.324
RHLPWNGA,1,4.324
RIDMVDGG,1,4.324
RIELLGGG,1,4.324
RIGIVAGG,1,4.324
RIGPWQGG,1,4.324
RILPNLGG,1,4.324
RLDEAMGG,1,4.324
RLDGAARR,1,4.324
RLDGAMGA,1,4.324
RLDGAQGG,1,4.324
RLDGARGG,1,4.324
RLDGG,1,4.324
RLDVAMGC,1,4.324
RLDWAMCG,1,4.324
RLGSVQGG,1,4.324
RLLGALGG,1,4.324
RLLGTDGV,1,4.324
RLLGTYGG,1,4.324
RLLLLAGV,1,4.324
RLLLLAGW,1,4.324
RLNNAAGG,1,4.324
RLVLHEGG,1,4.324
RMAAPWGG,1,4.324
RMHVAAGG,1,4.324
RMLGDRVG,1,4.324
RMPAILGG,1,4.324
RMSGAEGA,1,4.324
RNGARGGG,1,4.324
RNGIVGGG,1,4.324
RNGIVSGG,1,4.324
RNGP,1,4.324
RNGPAQGG,1,4.324
RNGPGLGG,1,4.324
RNGPWLVG,1,4.324
RNGS,1,4.324
RNMGVGGG,1,4.324
RNRPWLGG,1,4.324
RPCLRCGG,1,4.324
RPCLWCGW,1,4.324
RPCLWFGG,1,4.324
RPDTRLGG,1,4.324
RPEQRAGG,1,4.324
RPGGVLGG,1,4.324
RPGLWCGG,1,4.324
RPINAWGG,1,4.324
RPLHGG,1,4.324
RPMIAWGG,1,4.324
RPMKAWGG,1,4.324
RPMNAGGG,1,4.324
RPMNAWRG,1,4.324
RPW,1,4.324
RPWAGG,1,4.324
RPWEGGST,1,4.324
RPWEGGWT,1,4.324
RPWEGGYT,1,4.324
RPWSGG,1,4.324
RQCLWCGG,1,4.324
RQGNAMGV,1,4.324
RQGNAMGW,1,4.324
RQGNVAGG,1,4.324
RQRGVQGG,1,4.324
RQWEGG,1,4.324
RRDGTDGV,1,4.324
RRPEGQGG,1,4.324
RRRPECGG,1,4.324
RRSVPQGG,1,4.324
RSALLGG,1,4.324
RSDMVDGV,1,4.324
RSDMVDVG,1,4.324
RSEHVLGG,1,4.324
RSEHVMGV,1,4.324
RSGLWRGG,1,4.324
RSHPSLGG,1,4.324
RSSPWAGG,1,4.324
RSWLLGGG,1,4.324
RSYMVDGG,1,4.324
RTAREAGG,1,4.324
RTAVQFGG,1,4.324
RVALAAGV,1,4.324
RVALAAVG,1,4.324
RVDARAGA,1,4.324
RVEWAHGG,1,4.324
RVGGLMGG,1,4.324
RVGHVGGG,1,4.324
RVGRVAGG,1,4.324
RVRGSDGG,1,4.324
RVSAAAGG,1,4.324
RVVPWLGG,1,4.324
RWAGVLGG,1,4.324
RWAKLGGG,1,4.324
RWDGTDGG,1,4.324
RWDPRLGC,1,4.324
RWKASHGD,1,4.324
RWLHVQWG,1,4.324
RWPLRAGG,1,4.324
RWRVHGGG,1,4.324
RWSVLDGG,1,4.324
RYAGAWGG,1,4.324
RYDFFQGG,1,4.324
RYDFLHGG,1,4.324
RYDFLPGG,1,4.324
RYDFLQCG,1,4.324
RYDFLQGV,1,4.324
RYDFLRGG,1,4.324
RYRPQRGG,1,4.324
S,1,4.324
SADAMQGG,1,4.324
SCHGAAGG,1,4.324
SDDA,1,4.324
SDDAFAGG,1,4.324
SDDALAGV,1,4.324
SDDALAWG,1,4.324
SDDALGGG,1,4.324
SDDAVAGG,1,4.324
SDDAWAGG,1,4.324
SEDEWGGA,1,4.324
SEDLAAGG,1,4.324
SEVLVMGG,1,4.324
SFDGANGW,1,4.324
SFGCVGGG,1,4.324
SFGIEWGG,1,4.324
SGAIAGGA,1,4.324
SGDALAGG,1,4.324
SGGAAYGG,1,4.324
SGGLDQGG,1,4.324
SGGQYDGG,1,4.324
SGMPGHGG,1,4.324
SGMPWSGC,1,4.324
SGSEGG,1,4.324
SGSGARGG,1,4.324
SGSHAWGG,1,4.324
SGSPWAGG,1,4.324
SGSQLAGG,1,4.324
SGWIHAGG,1,4.324
SLAAVAGG,1,4.324
SLDFMAGG,1,4.324
SLDLLAGG,1,4.324
SLDLMEGG,1,4.324
SLDLVAGG,1,4.324
SLGVHGGG,1,4.324
SLKVQGGG,1,4.324
SLLGTDGG,1,4.324
SLRGAEGG,1,4.324
SLWGFWGS,1,4.324
SLYLMAGG,1,4.324
SMDLMAGG,1,4.324
SNGLSRGG,1,4.324
SPAAFEGG,1,4.324
SPLGEAGG,1,4.324
SRDVLAGG,1,4.324
SRGCRRPA,1,4.324
SRGMANGG,1,4.324
SRLLLGGA,1,4.324
SRQAAMGG,1,4.324
SRSLWEGG,1,4.324
SRYGADGG,1,4.324
SSPYWGAR,1,4.324
SSSHEGGG,1,4.324
SSSPEGG,1,4.324
SSSPEGGW,1,4.324
SSSPVGGG,1,4.324
SSSVSGGG,1,4.324
SVDALAWG,1,4.324
SVLIMEGG,1,4.324
SVMPWSGG,1,4.324
SWAKLVGG,1,4.324
SWATLGGG,1,4.324
SWCAFMGG,1,4.324
SWDGADGV,1,4.324
SWELALGG,1,4.324
SWGRAMGG,1,4.324
SWHGADGG,1,4.324
SWIGAAGG,1,4.324
SWLGAWGA,1,4.324
SWNGAAGG,1,4.324
SWNGADGG,1,4.324
SWSPGGGG,1,4.324
SWVGHDGG,1,4.324
SWVGVLGG,1,4.324
SYDLITTV,1,4.324
SYDLVGG,1,4.324
SYDLVGGR,1,4.324
SYDRVGGG,1,4.324
SYVLVGGG,1,4.324
T,1,4.324
TAGRALGG,1,4.324
TAWADAGG,1,4.324
TCAGADGG,1,4.324
TDGKSSGG,1,4.324
TDVKASGG,1,4.324
TEDPAQGG,1,4.324
TEGARAGA,1,4.324
TEGPAPGG,1,4.324
TEGPAQGV,1,4.324
TESSSDGG,1,4.324
TGENREGG,1,4.324
TGENTEVG,1,4.324
TGGVAGAR,1,4.324
TGTEGG,1,4.324
TGVVAAGG,1,4.324
THEGHRGG,1,4.324
THHFVMGG,1,4.324
THPLAIGG,1,4.324
TIGLDAGG,1,4.324
TK,1,4.324
TLAGADGG,1,4.324
TLEMAFGG,1,4.324
TLGGLDGG,1,4.324
TLGLLTGG,1,4.324
TMEGMLGG,1,4.324
TNVEAMGG,1,4.324
TPAGG,1,4.324
TPGMGG,1,4.324
TPLAPQGG,1,4.324
TQREAQGG,1,4.324
TWAGADDG,1,4.324
TWAGAEVG,1,4.324
TWAGAVCG,1,4.324
TWAGSDGG,1,4.324
TWAGVLGG,1,4.324
TWAVADGG,1,4.324
TWEAAAGG,1,4.324
TWEAAWGG,1,4.324
TWEVAARG,1,4.324
TWEVADGG,1,4.324
TWEVADGV,1,4.324
TWEVGAGG,1,4.324
TWGVAAGG,1,4.324
TWLGSLGG,1,4.324
TYPGRMGG,1,4.324
V,1,4.324
VAAEVMGG,1,4.324
VAAGLMGG,1,4.324
VAALALGG,1,4.324
VAARMRGG,1,4.324
VADRLQGG,1,4.324
VAEHGG,1,4.324
VAEVAEGG,1,4.324
VAGGTRGG,1,4.324
VAGGVQGG,1,4.324
VAGL,1,4.324
VAGLAMGG,1,4.324
VAHLFGGG,1,4.324
VAKGAMGG,1,4.324
VAMCVRQD,1,4.324
VANFLAGG,1,4.324
VANGAMGV,1,4.324
VANGAMVG,1,4.324
VAPLFGGE,1,4.324
VAPLFGWG,1,4.324
VARGADGG,1,4.324
VARGSEGG,1,4.324
VARVPQGG,1,4.324
VASIEEGG,1,4.324
VAVAGG,1,4.324
VAWCAQGG,1,4.324
VAWGSDGG,1,4.324
VAWWAHGG,1,4.324
VAWWAQGV,1,4.324
VAWWAQGW,1,4.324
VCAPVLGG,1,4.324
VCDLSEGG,1,4.324
VCDMFGGA,1,4.324
VCGFAAGG,1,4.324
VCGGACGG,1,4.324
VCGLIAGG,1,4.324
VCHFCAGG,1,4.324
VCHFCEGG,1,4.324
VCHICAGG,1,4.324
VCLLMAGG,1,4.324
VCLVCAGG,1,4.324
VCNVCAGG,1,4.324
VCPVCAGG,1,4.324
VCYCAQGG,1,4.324
VCYRWRGG,1,4.324
VDAGG,1,4.324
VDAVARGG,1,4.324
VDAWSQGG,1,4.324
VDDVAGGV,1,4.324
VDGLWRGG,1,4.324
VDGRAGG,1,4.324
VDRLLGGG,1,4.324
VDRSEAGG,1,4.324
VDRWVGGG,1,4.324
VEADPGGG,1,4.324
VEAGLMWG,1,4.324
VEAGVMGG,1,4.324
VEAGWMGG,1,4.324
VECAVCGG,1,4.324
VEDGTWGG,1,4.324
VEGLQQGG,1,4.324
VEGPALGG,1,4.324
VENGAMGG,1,4.324
VEREWDGG,1,4.324
VERPAQGG,1,4.324
VESREMGG,1,4.324
VFALAQGG,1,4.324
VFAMAEGG,1,4.324
VFAMAGG,1,4.324
VFAMAKGG,1,4.324
VFAMALGG,1,4.324
VFAMSLGG,1,4.324
VFAMSQGG,1,4.324
VFAQFQGG,1,4.324
VFAVAQGG,1,4.324
VFAWGG,1,4.324
VFDGNAGG,1,4.324
VFDGSYGG,1,4.324
VFDHLLWG,1,4.324
VFDHLRGG,1,4.324
VFDHLVGG,1,4.324
VFDLLGG,1,4.324
VFDLLIGG,1,4.324
VFDLLLGV,1,4.324
VFDRLLGG,1,4.324
VFDVSFGG,1,4.324
VFDYLLGG,1,4.324
VFEAVIGG,1,4.324
VFEGKAGG,1,4.324
VFEGNAGV,1,4.324
VFEHLLGG,1,4.324
VFEMAQGG,1,4.324
VFFGSQGG,1,4.324
VFFGYHGG,1,4.324
VFFGYQGC,1,4.324
VFFGYQGV,1,4.324
VFFGYQWG,1,4.324
VFGFAAWG,1,4.324
VFGFLGGG,1,4.324
VFGFSAGG,1,4.324
VFGMAQGG,1,4.324
VFHAYAGG,1,4.324
VFHP,1,4.324
VFHPSAGG,1,4.324
VFHPYAGC,1,4.324
VFHPYAVV,1,4.324
VFHTYAGG,1,4.324
VFHVCAGG,1,4.324
VFLNWAGG,1,4.324
VFMGLLGG,1,4.324
VFSGARGG,1,4.324
VFSWFEGG,1,4.324
VG,1,4.324
VGAGWAGG,1,4.324
VGAVAHGG,1,4.324
VGAVLAGG,1,4.324
VGCLLRGG,1,4.324
VGDGAMGG,1,4.324
VGDLFGGA,1,4.324
VGDREDGG,1,4.324
VGEPGRGG,1,4.324
VGEPWGGG,1,4.324
VGEPWLGG,1,4.324
VGEPWRGW,1,4.324
VGERWRGG,1,4.324
VGFPSEGG,1,4.324
VGGGGRGG,1,4.324
VGGGRAGG,1,4.324
VGGGRRGA,1,4.324
VGGGVEGG,1,4.324
VGGLGEGG,1,4.324
VGGLQQGG,1,4.324
VGGLV,1,4.324
VGGLVEGW,1,4.324
VGGPGPGG,1,4.324
VGLAALGG,1,4.324
VGLVYGGG,1,4.324
VGNRMHGG,1,4.324
VGQLGAGG,1,4.324
VGREAQGG,1,4.324
VGRFSDGG,1,4.324
VGRGAKGG,1,4.324
VGRGAQCG,1,4.324
VGRGAQGC,1,4.324
VGRGTQGG,1,4.324
VGRISDGV,1,4.324
VGSISDGG,1,4.324
VGSLRGGG,1,4.324
VGSRVMGG,1,4.324
VGVGAAGG,1,4.324
VGVV,1,4.324
VGVVWRGG,1,4.324
VGVVYGGG,1,4.324
VGWGAQGG,1,4.324
VGWLACGG,1,4.324
VGWLVLGG,1,4.324
VGWLVQGR,1,4.324
VGWLVQGV,1,4.324
VGWLVRGG,1,4.324
VGWNLYGG,1,4.324
VGWSAYGG,1,4.324
VGWVVQGG,1,4.324
VGWWALGG,1,4.324
VHADMEGG,1,4.324
VHAGM,1,4.324
VHAGMGG,1,4.324
VHAGMVGG,1,4.324
VHGALQCG,1,4.324
VHLVM,1,4.324
VHLVMHGG,1,4.324
VHSGMEGG,1,4.324
VHSPWAGG,1,4.324
VISLLLGG,1,4.324
VIVEGG,1,4.324
VIWGEAGG,1,4.324
VKGNIDGG,1,4.324
VKMGG,1,4.324
VLAHMWGV,1,4.324
VLALAGGG,1,4.324
VLALMEGG,1,4.324
VLAPAQGG,1,4.324
VLAYMWGG,1,4.324
VLCAEAGG,1,4.324
VLDLAGGV,1,4.324
VLDQLWGG,1,4.324
VLEELWGG,1,4.324
VLGFVAGG,1,4.324
VLGGLEGG,1,4.324
VLGIDNGG,1,4.324
VLGIVAGW,1,4.324
VLGPWSGG,1,4.324
VLHGISGG,1,4.324
VLINLAGG,1,4.324
VLLLAMVG,1,4.324
VLLLLWGG,1,4.324
VLLLMLGG,1,4.324
VLLLRWGG,1,4.324
VLPPWSGG,1,4.324
VLRLMWGG,1,4.324
VLSAAMGG,1,4.324
VLSHMWGG,1,4.324
VLSILAGG,1,4.324
VLSNLAGV,1,4.324
VLSNLAWG,1,4.324
VLSNVAGG,1,4.324
VLYAISGG,1,4.324
VMALMEWG,1,4.324
VMALREGG,1,4.324
VNAMCLGG,1,4.324
VNGALSGR,1,4.324
VNGAVSGG,1,4.324
VNLLVLGG,1,4.324
VPAWGG,1,4.324
VPFLACGG,1,4.324
VPGAVAGV,1,4.324
VPGAVGGG,1,4.324
VPHHGWGG,1,4.324
VPLPVRGG,1,4.324
VPMPVQGA,1,4.324
VPMVPWGG,1,4.324
VPRAAMGG,1,4.324
VPRPMHGG,1,4.324
VQGALQGG,1,4.324
VQLFWMGG,1,4.324
VQLLWMVG,1,4.324
VQLLWMWG,1,4.324
VQLPCLGG,1,4.324
VQSVFHGG,1,4.324
VQVGAGGG,1,4.324
VRAGVEGG,1,4.324
VREAPLGG,1,4.324
VRGGVYGG,1,4.324
VRGLEAGG,1,4.324
VRGPEAWG,1,4.324
VRGPWSGG,1,4.324
VRQLGAGG,1,4.324
VRSPWAGG,1,4.324
VRVAAIGG,1,4.324
VRVAANGW,1,4.324
VRVAAYGG,1,4.324
VRVSANGG,1,4.324
VSCGTAGG,1,4.324
VSDIWDGG,1,4.324
VSDLAQGG,1,4.324
VSEAAMGG,1,4.324
VSEAHSGG,1,4.324
VSEVADGV,1,4.324
VSGERDGG,1,4.324
VSHEWSGG,1,4.324
VSHPYAGG,1,4.324
VSNGAMGG,1,4.324
VSPPAQCG,1,4.324
VSRGSAVA,1,4.324
VSRPAQGG,1,4.324
VT,1,4.324
VTAGGSGD,1,4.324
VTAGGYGD,1,4.324
VTDPFGGA,1,4.324
VTGAVAGG,1,4.324
VTRAGGAE,1,4.324
VTWPEQVG,1,4.324
VVAHA,1,4.324
VVAHGWGG,1,4.324
VVALALGG,1,4.324
VVAQAWGG,1,4.324
VVAQGWGG,1,4.324
VVARAWGG,1,4.324
VVDKLCGG,1,4.324
VVDLTAGG,1,4.324
VVEVMLGG,1,4.324
VVGAAAGG,1,4.324
VVGGYLGG,1,4.324
VVGHWSGG,1,4.324
VVGPCSGG,1,4.324
VVLGLGGG,1,4.324
VVLVFNGG,1,4.324
VVMWVKGG,1,4.324
VVRGAQGG,1,4.324
VVRGSDGG,1,4.324
VVSAAGGG,1,4.324
VVVGLEGG,1,4.324
VVVVWSGG,1,4.324
VVWGGG,1,4.324
VW,1,4.324
VWACYAGG,1,4.324
VWAGADGG,1,4.324
VWAGFAGG,1,4.324
VWAGVAGG,1,4.324
VWAGYEGV,1,4.324
VWAGYGGG,1,4.324
VWARYAGG,1,4.324
VWCLACVG,1,4.324
VWCLACWG,1,4.324
VWCLAFGG,1,4.324
VWCLASGG,1,4.324
VWCPACGG,1,4.324
VWDIFGGA,1,4.324
VWDMCGGA,1,4.324
VWDMFGGS,1,4.324
VWDMFGSA,1,4.324
VWDMFGSG,1,4.324
VWDMFGVA,1,4.324
VWDMFVGA,1,4.324
VWDTFGGA,1,4.324
VWEAMAGG,1,4.324
VWEGG,1,4.324
VWELAAGG,1,4.324
VWELLYGA,1,4.324
VWELTEGG,1,4.324
VWEVAAGG,1,4.324
VWGAAAGG,1,4.324
VWGAAGGW,1,4.324
VWGAAGRG,1,4.324
VWGAAGWG,1,4.324
VWGAASGG,1,4.324
VWGASGGG,1,4.324
VWGAWLGG,1,4.324
VWGGG,1,4.324
VWGLACGG,1,4.324
VWGLFAGG,1,4.324
VWGLIEGG,1,4.324
VWGMDGG,1,4.324
VWGMFGGA,1,4.324
VWGYGQGG,1,4.324
VWLGLDGG,1,4.324
VWPHWSGG,1,4.324
VWPP,1,4.324
VWPPGSGG,1,4.324
VWPPWRGG,1,4.324
VWPPWSCG,1,4.324
VWPPWSGV,1,4.324
VWQLGSGG,1,4.324
VWRFAGGG,1,4.324
VWRGAAGG,1,4.324
VWSAESGG,1,4.324
VWSGFAGG,1,4.324
VWSGVEGG,1,4.324
VWVGAQGG,1,4.324
VWVVWSGG,1,4.324
VWWHVAGG,1,4.324
VWWLVQGG,1,4.324
VWYLSEGG,1,4.324
VYALAHVG,1,4.324
VYALALGG,1,4.324
VYGGMDGG,1,4.324
VYLPPLGG,1,4.324
VYLWMLGG,1,4.324
VYNYVDGG,1,4.324
VYPIVLVG,1,4.324
VYPNLAGW,1,4.324
VYPNLSGG,1,4.324
VYSLALGA,1,4.324
WAAPFLGG,1,4.324
WAAPSLGG,1,4.324
WAAVAEGG,1,4.324
WAAWGG,1,4.324
WAFLACGG,1,4.324
WAG,1,4.324
WAGAGG,1,4.324
WAGLAVGG,1,4.324
WAGMAGRG,1,4.324
WAGMAGWG,1,4.324
WAGPPAGG,1,4.324
WAGPPGGV,1,4.324
WAGPPGSG,1,4.324
WAGPPGWG,1,4.324
WAGPRGVG,1,4.324
WAGVAGG,1,4.324
WALMEGG,1,4.324
WALMGG,1,4.324
WARAADGG,1,4.324
WARAAEGW,1,4.324
WARAAEVG,1,4.324
WARAAEWG,1,4.324
WARGAAWG,1,4.324
WARGRGGG,1,4.324
WARVSGGG,1,4.324
WARVVPGG,1,4.324
WARVVQGW,1,4.324
WAVPPGGG,1,4.324
WCDGVSGG,1,4.324
WCDPWCGG,1,4.324
WCDPWSGG,1,4.324
WCDVTDGG,1,4.324
WCFSGGRR,1,4.324
WCGAMLGG,1,4.324
WCGGCAGG,1,4.324
WCLHVAGG,1,4.324
WDFVCAGG,1,4.324
WDFVWAVG,1,4.324
WDFVWVGG,1,4.324
WDGAASGG,1,4.324
WDGPPGGG,1,4.324
WDKPESGG,1,4.324
WDLMGGSG,1,4.324
WDSGLIGG,1,4.324
WEGGFAGG,1,4.324
WEGGLAGG,1,4.324
WEGHVGGG,1,4.324
WEGILSGG,1,4.324
WEGMVSGG,1,4.324
WFAHVGGA,1,4.324
WFGALLGG,1,4.324
WFGAMMGG,1,4.324
WFGARLGG,1,4.324
WFGAVGGG,1,4.324
WFGHVGGG,1,4.324
WFGSMLGG,1,4.324
WFVAMLGG,1,4.324
WFVGCAGG,1,4.324
WFWLLGGG,1,4.324
WG,1,4.324
WGALFIGG,1,4.324
WGALIAGC,1,4.324
WGALIDGG,1,4.324
WGALIGGG,1,4.324
WGALITTV,1,4.324
WGAMIAGG,1,4.324
WGAPRGGG,1,4.324
WGAQGG,1,4.324
WGCLMCGV,1,4.324
WGDGG,1,4.324
WGDPRCGG,1,4.324
WGDPSGGG,1,4.324
WGDQRGGG,1,4.324
WGDRRGGG,1,4.324
WGDRRGGV,1,4.324
WGDVVRVG,1,4.324
WGEVSYGS,1,4.324
WGEVSYGV,1,4.324
WGGAVAGG,1,4.324
WGGG,1,4.324
WGGGIAGA,1,4.324
WGGGIAGD,1,4.324
WGGGIAGS,1,4.324
WGGGIGGG,1,4.324
WGGGLAGG,1,4.324
WGGLIAGG,1,4.324
WGGPFLGG,1,4.324
WGGVIAGG,1,4.324
WGGVWAGG,1,4.324
WGL,1,4.324
WGMEASGG,1,4.324
WGMVWGGK,1,4.324
WGPVALGV,1,4.324
WGQVALGR,1,4.324
WGQVALGV,1,4.324
WGQVALGW,1,4.324
WGQVAQGG,1,4.324
WGRAWAGG,1,4.324
WGRGIAGG,1,4.324
WGRGSDGG,1,4.324
WGRVCAGG,1,4.324
WGRVLAGG,1,4.324
WGRVWAGC,1,4.324
WGRVWSGG,1,4.324
WGSPWAGG,1,4.324
WGTHALGG,1,4.324
WGVVVRGG,1,4.324
WGYAAGGG,1,4.324
WGYAAWGW,1,4.324
WGYFLGGA,1,4.324
WHAYVAGG,1,4.324
WHDALAGG,1,4.324
WHQVEWGG,1,4.324
WHVLAGGG,1,4.324
WHVRGGGG,1,4.324
WIDVSMGG,1,4.324
WIENVAGG,1,4.324
WIEPGQGG,1,4.324
WIGLSDGV,1,4.324
WIGLSEGG,1,4.324
WKGGAAGC,1,4.324
WKGGAASG,1,4.324
WKGGAMGG,1,4.324
WKGGATGG,1,4.324
WKGGVAGG,1,4.324
WKLAYGGA,1,4.324
WLANVAGG,1,4.324
WLEVFGGG,1,4.324
WLEVIGVG,1,4.324
WLFIGMGG,1,4.324
WLGSVQWG,1,4.324
WLGVWLGG,1,4.324
WLHIQGGG,1,4.324
WLKIQGGG,1,4.324
WLKNAAGG,1,4.324
WLLGGG,1,4.324
WLNIAAGG,1,4.324
WLNNAAGC,1,4.324
WLNNAGGG,1,4.324
WLNNATGG,1,4.324
WLNNDAGG,1,4.324
WLNNSAGV,1,4.324
WLPIQGGG,1,4.324
WLQFQGGG,1,4.324
WLQIEGGG,1,4.324
WLQILGGG,1,4.324
WLQIQGG,1,4.324
WLQIQGGE,1,4.324
WLQIQGSG,1,4.324
WLRGAQGG,1,4.324
WLWGVEGG,1,4.324
WMAAAGG,1,4.324
WMEIVRGG,1,4.324
WMENVRVG,1,4.324
WMENVSGG,1,4.324
WMGGAAGG,1,4.324
WNDNVAGG,1,4.324
WNENVEGG,1,4.324
WNRGSSGG,1,4.324
WPGGLHGA,1,4.324
WPPTLEGG,1,4.324
WPRPECGG,1,4.324
WQLWFDGG,1,4.324
WQQGG,1,4.324
WRAFSEGG,1,4.324
WRAFVEGG,1,4.324
WRAGDQGA,1,4.324
WRDPWSGG,1,4.324
WRGGAAGG,1,4.324
WRGVAHGG,1,4.324
WRGVAQGW,1,4.324
WRGVAQVG,1,4.324
WRGVAQWG,1,4.324
WRWLAWGG,1,4.324
WRWVGAGG,1,4.324
WRYGADGV,1,4.324
WSCGICGG,1,4.324
WSCGWSGG,1,4.324
WSCLLGGG,1,4.324
WSDGVAGG,1,4.324
WSDIFMGG,1,4.324
WSDIMQGA,1,4.324
WSDIMQGV,1,4.324
WSDLWSGG,1,4.324
WSDPCSGG,1,4.324
WSDPRGGG,1,4.324
WSDPWIGG,1,4.324
WSDPWRGG,1,4.324
WSDPWSGR,1,4.324
WSDPYAGG,1,4.324
WSDRFMGG,1,4.324
WSDSFMGV,1,4.324
WSDSWSGG,1,4.324
WSEEAAGG,1,4.324
WSEPGKGG,1,4.324
WSEPGLGG,1,4.324
WSEQGQGG,1,4.324
WSFSGGRL,1,4.324
WSGLSDGG,1,4.324
WSGPGQGG,1,4.324
WSGPWSGG,1,4.324
WSGSVWGG,1,4.324
WSHLRWGG,1,4.324
WSLALMGG,1,4.324
WSLPWSGG,1,4.324
WSNGLDVG,1,4.324
WSNLRWEG,1,4.324
WSNLRWWG,1,4.324
WSNRRWGG,1,4.324
WSRPEEGG,1,4.324
WSSLLGGG,1,4.324
WSVPGQGG,1,4.324
WSVRTGGG,1,4.324
WSWLLGVG,1,4.324
WSWLLRGG,1,4.324
WSWLLVGG,1,4.324
WSWLRGGG,1,4.324
WSYSFMGG,1,4.324
WTENVAGG,1,4.324
WTRAAGGG,1,4.324
WVDPRGGG,1,4.324
WVDVYVGG,1,4.324
WVRVWAGG,1,4.324
WWAGLTGG,1,4.324
WWDALAGG,1,4.324
WWDAQAWG,1,4.324
WWDAQEGG,1,4.324
WWDGALGG,1,4.324
WWDGAWGV,1,4.324
WWDGDWGG,1,4.324
WWDGLSGG,1,4.324
WWDVKLGG,1,4.324
WWEGLTGG,1,4.324
WWERWLGG,1,4.324
WWGAE,1,4.324
WWGAVAGG,1,4.324
WWGAVVGG,1,4.324
WWGHAAGG,1,4.324
WWGLIAGG,1,4.324
WWGPAAGE,1,4.324
WWGPAAVG,1,4.324
WWGPAGGG,1,4.324
WWGPWSGG,1,4.324
WWGRAAGE,1,4.324
WWGRAAGG,1,4.324
WWHLVLGG,1,4.324
WWMAARGG,1,4.324
WWMGERGG,1,4.324
WWQPVGGG,1,4.324
WWRGWDGG,1,4.324
WWTGWDGV,1,4.324
WWVAVEGG,1,4.324
WWYAGG,1,4.324
WWYAQAGG,1,4.324
WWYGAWGG,1,4.324
WYENVAGG,1,4.324
WYWLLGGG,1,4.324
YCAQ,1,4.324
YEAAWCGG,1,4.324
YEAAWSWG,1,4.324
YEDAWSGG,1,4.324
YEDPRDGG,1,4.324
YEDQREGG,1,4.324
YEDWTAGG,1,4.324
YFAIMGGG,1,4.324
YGAGGMGG,1,4.324
YGAWREGG,1,4.324
YGCLAGGA,1,4.324
YGCLAWCA,1,4.324
YGDGTAGG,1,4.324
YGDWNAGG,1,4.324
YGDWTACG,1,4.324
YGDWTAGD,1,4.324
YGDWTDGG,1,4.324
YGDWTGVG,1,4.324
YGDWTSGG,1,4.324
YGECYAGG,1,4.324
YGELYAGG,1,4.324
YGEWFAGG,1,4.324
YGFGGG,1,4.324
YGFGGLGG,1,4.324
YGFGGQGG,1,4.324
YGGHLLGG,1,4.324
YGNAALGG,1,4.324
YGNCALGG,1,4.324
YGNGAFGG,1,4.324
YGNGALGW,1,4.324
YGNGALVG,1,4.324
YGNGALWG,1,4.324
YGNGAPGG,1,4.324
YGPWLEGG,1,4.324
YGS,1,4.324
YGSAGG,1,4.324
YGSGALGG,1,4.324
YGTGVMGG,1,4.324
YGWLALGG,1,4.324
YGYGALGG,1,4.324
YGYWTAGV,1,4.324
YHEHALGG,1,4.324
YIQMGG,1,4.324
YLAFMGGG,1,4.324
YLAIIGGG,1,4.324
YLAIMCGG,1,4.324
YLAIMGGA,1,4.324
YLAIMGGV,1,4.324
YLAIMGVG,1,4.324
YLALRGGG,1,4.324
YLARWGGG,1,4.324
YLDGLKCL,1,4.324
YLELAAGG,1,4.324
YLGAVQGG,1,4.324
YLGQLGGG,1,4.324
YLILLHGG,1,4.324
YLMDHEGG,1,4.324
YLNLLLGG,1,4.324
YLNPMEGG,1,4.324
YLSIMGGG,1,4.324
YLSLVNGG,1,4.324
YLTPKEGG,1,4.324
YLTPMEGC,1,4.324
YLTPMEGV,1,4.324
YLTYGG,1,4.324
YLWHLFGA,1,4.324
YMGAVAWG,1,4.324
YMQMVRGG,1,4.324
YNESGAGG,1,4.324
YRCAVQGG,1,4.324
YRDAVQGG,1,4.324
YRGAAGG,1,4.324
YRGAVHGG,1,4.324
YRGAVPGG,1,4.324
YRGAVQVG,1,4.324
YRNGALGG,1,4.324
YSGVMQGW,1,4.324
YSNRAGGG,1,4.324
YSPILMGG,1,4.324
YSPLLMGG,1,4.324
YSPMLIGG,1,4.324
YSPMLLGG,1,4.324
YSPMLMCG,1,4.324
YSPMLMGV,1,4.324
YSPMLMGW,1,4.324
YSPMLMVG,1,4.324
YSSMLMGG,1,4.324
YSTLAGGG,1,4.324
YVAAWSGG,1,4.324
YVAGVMGG,1,4.324
YVAGVWGG,1,4.324
YVALWGGG,1,4.324
YVGLVLGG,1,4.324
YVGQVLGG,1,4.324
YVLPLHGG,1,4.324
YVQPARGG,1,4.324
YVSEGG,1,4.324
YWEGAGGG,1,4.324
YWGALLGR,1,4.324
YWGAVLGG,1,4.324
YYGHV,1,4.324
YYGV,1,4.324
